student_id,gender,age,10th_percentage,12th_percentage,attendance_percentage,assignment_avg,quiz_avg,midterm_marks,end_sem_marks,study_hours_per_day,mobile_usage_hours,sgpa,pass_fail,at_risk
1,Male,22,79.73,62.41,90.03,52.25,64.07,69.92,30.21,4.6,3.2,7.49,Pass,No
2,Female,19,83.1,89.47,65.02,68.14,97.76,33.75,47.36,1.2,1.5,7.75,Pass,Yes
3,Male,21,77.39,92.48,90.91,88.06,59.53,39.83,94.95,3.2,3.3,4.31,Fail,Yes
4,Male,19,55.39,56.7,69.48,50.81,51.78,73.58,95.25,6.7,4.6,5.27,Pass,Yes
5,Male,22,68.06,70.82,87.1,46.59,50.83,44.55,80.44,4.9,4.1,4.45,Fail,Yes
6,Female,23,75.71,94.14,82.63,93.02,64.75,65.28,83.6,4.2,5.2,5.73,Pass,Yes
7,Male,22,58.51,71.75,97.17,60.58,84.37,68.14,36.4,3.0,1.3,7.76,Pass,No
8,Male,23,69.03,88.86,75.49,81.03,48.39,49.85,65.97,3.1,2.7,7.4,Pass,No
9,Male,18,56.33,76.49,62.65,41.52,81.1,96.39,46.21,3.7,5.9,7.67,Pass,Yes
10,Female,22,58.14,66.89,60.77,81.4,36.37,88.97,42.69,6.8,1.5,7.3,Pass,Yes
11,Male,18,70.88,62.86,93.07,58.97,62.23,80.57,86.72,7.8,6.1,5.64,Pass,Yes
12,Male,21,60.31,59.15,80.99,43.34,85.43,35.46,39.45,4.1,1.6,5.47,Pass,Yes
13,Male,19,77.7,84.28,91.01,76.59,57.02,37.43,62.81,3.8,6.0,4.82,Fail,Yes
14,Male,23,82.58,67.39,69.38,54.45,71.64,64.49,95.7,6.9,3.2,9.09,Pass,Yes
15,Female,19,87.02,73.01,73.8,63.21,48.32,41.25,43.01,4.0,4.7,7.7,Pass,Yes
16,Male,18,63.01,72.15,61.2,44.83,83.23,98.48,98.46,4.9,1.9,5.12,Pass,Yes
17,Female,23,61.7,75.98,98.46,48.83,38.4,41.1,99.6,2.6,1.4,5.06,Pass,Yes
18,Female,19,59.18,88.95,86.71,57.88,90.42,64.12,68.89,6.2,2.3,9.24,Pass,No
19,Female,22,80.46,94.13,97.33,45.39,47.88,55.49,41.91,4.7,1.8,8.46,Pass,No
20,Male,20,83.26,68.34,70.62,94.65,91.84,74.76,52.13,6.7,2.9,7.96,Pass,Yes
21,Female,18,56.26,87.24,84.46,40.36,57.91,39.03,59.71,6.5,4.1,6.44,Pass,No
22,Male,19,92.45,84.4,87.14,69.03,81.97,60.12,51.65,2.5,4.5,5.57,Pass,Yes
23,Female,18,57.08,75.81,72.7,47.39,55.75,49.23,49.64,6.0,5.7,9.88,Pass,Yes
24,Female,24,76.65,93.02,93.92,58.46,93.88,92.14,98.06,6.6,4.9,8.78,Pass,No
25,Female,18,83.36,59.02,97.89,95.56,43.23,32.84,40.74,3.4,4.7,5.81,Pass,Yes
26,Female,23,89.84,54.92,95.39,49.7,46.6,93.96,81.33,2.2,3.5,9.09,Pass,No
27,Female,24,83.56,88.43,89.56,97.95,67.05,88.31,30.03,1.0,3.8,8.55,Pass,No
28,Female,23,87.07,69.76,71.1,52.35,40.33,50.83,71.73,4.2,3.5,5.78,Pass,Yes
29,Female,20,68.58,88.11,71.26,84.49,47.74,85.25,94.12,3.5,6.1,6.56,Pass,Yes
30,Female,24,87.59,90.19,98.53,72.8,96.34,32.18,50.16,4.9,2.4,5.12,Pass,Yes
31,Male,22,58.2,52.81,60.41,93.07,98.47,97.68,42.99,2.3,1.0,4.67,Fail,Yes
32,Male,18,90.79,89.76,88.64,73.24,59.46,66.86,75.62,7.0,4.9,8.34,Pass,No
33,Female,19,76.9,70.17,88.25,72.07,95.01,51.23,79.88,2.8,2.2,5.61,Pass,Yes
34,Female,21,87.69,72.97,84.91,51.73,70.41,55.38,78.16,2.6,6.3,8.92,Pass,No
35,Female,18,73.09,78.2,99.6,49.97,52.53,34.65,52.35,4.4,6.2,9.97,Pass,No
36,Male,18,80.74,91.69,72.48,94.99,80.66,99.25,47.65,4.5,1.5,4.46,Fail,Yes
37,Female,20,76.06,50.86,73.6,59.67,77.83,32.75,96.91,2.5,1.6,6.84,Pass,Yes
38,Male,22,84.26,71.46,63.16,62.32,99.29,75.84,94.63,2.9,4.0,8.81,Pass,Yes
39,Male,21,58.27,80.95,77.71,85.59,52.23,60.99,62.01,2.2,4.7,8.73,Pass,No
40,Male,24,57.41,82.52,70.44,60.33,78.68,96.42,89.23,6.0,2.6,8.56,Pass,Yes
41,Male,24,64.88,81.16,73.74,97.12,38.38,47.22,61.66,6.4,5.3,6.09,Pass,Yes
42,Male,24,61.38,56.05,93.38,84.28,42.39,67.25,59.71,4.2,4.6,6.72,Pass,No
43,Female,23,89.87,63.47,97.42,75.85,35.25,63.76,40.97,6.0,2.9,7.57,Pass,No
44,Female,23,63.77,66.14,67.43,92.85,99.96,79.2,59.85,6.2,1.2,9.84,Pass,Yes
45,Female,19,94.03,86.2,74.9,42.98,87.15,34.76,67.62,2.0,5.5,5.97,Pass,Yes
46,Female,21,68.48,62.54,97.15,55.42,86.14,43.57,31.58,7.8,2.3,9.54,Pass,No
47,Female,24,62.28,59.48,62.47,67.9,68.13,45.02,61.09,6.7,6.0,5.62,Pass,Yes
48,Male,23,86.59,93.09,63.69,53.62,54.5,81.67,84.69,2.4,3.5,9.93,Pass,Yes
49,Female,19,81.35,50.4,66.51,84.63,44.83,43.24,77.6,2.3,4.5,8.02,Pass,Yes
50,Female,22,74.93,94.9,83.81,95.15,53.5,70.14,74.46,1.9,6.2,6.78,Pass,No
51,Male,19,77.21,80.46,66.02,65.43,59.44,45.07,93.67,2.0,6.2,7.68,Pass,Yes
52,Female,23,83.77,87.28,98.72,60.53,84.16,90.31,31.26,6.2,3.2,5.64,Pass,Yes
53,Male,20,64.14,63.26,77.87,97.69,70.08,95.95,68.99,4.3,2.3,5.65,Pass,Yes
54,Female,20,94.85,50.64,80.06,66.69,40.04,66.29,85.11,6.5,5.7,4.68,Fail,Yes
55,Male,24,93.99,83.2,69.87,69.34,36.17,54.66,67.89,6.2,3.6,4.68,Fail,Yes
56,Female,20,81.01,87.54,78.84,61.1,41.65,46.38,52.67,5.2,2.2,6.09,Pass,No
57,Female,24,62.98,83.32,86.48,94.57,61.68,33.48,39.54,5.8,6.4,8.58,Pass,No
58,Male,24,82.21,56.43,90.05,74.14,95.66,48.8,92.13,1.1,2.2,7.65,Pass,No
59,Male,23,57.89,83.9,90.15,85.73,76.43,75.8,62.95,3.2,1.2,4.62,Fail,Yes
60,Male,20,56.23,84.6,83.12,88.71,87.12,67.35,91.47,5.5,1.1,9.11,Pass,No
61,Male,24,65.31,79.63,96.17,60.51,65.31,96.08,71.01,1.1,4.7,7.61,Pass,No
62,Male,21,73.5,84.48,92.7,66.02,58.51,57.74,77.19,1.2,5.0,9.77,Pass,No
63,Male,22,89.73,88.07,90.28,90.91,42.05,78.57,86.3,7.0,2.9,8.02,Pass,No
64,Male,19,84.09,77.61,62.22,61.8,91.94,64.25,76.14,5.8,2.9,5.05,Pass,Yes
65,Male,19,84.71,53.99,60.28,87.64,85.91,65.88,57.86,2.9,3.0,6.84,Pass,Yes
66,Female,23,72.02,71.94,68.5,96.46,45.93,48.74,65.95,5.8,5.1,7.89,Pass,Yes
67,Female,20,68.84,53.49,86.54,77.39,68.3,61.85,86.21,6.5,1.3,4.17,Fail,Yes
68,Male,20,69.84,68.34,76.45,84.5,66.68,62.95,56.16,3.1,6.6,4.09,Fail,Yes
69,Female,24,94.51,68.32,76.1,88.31,75.63,79.46,57.17,1.3,2.3,4.78,Fail,Yes
70,Female,18,56.6,52.97,95.38,90.7,96.5,95.84,36.7,7.5,7.0,5.51,Pass,Yes
71,Female,24,89.68,65.7,95.82,63.7,72.69,53.05,94.02,3.4,2.0,6.58,Pass,No
72,Female,22,78.15,54.99,96.37,43.08,70.11,32.95,36.37,1.7,5.6,6.92,Pass,No
73,Male,21,72.54,86.37,72.56,64.11,38.27,64.74,75.37,4.4,2.3,4.83,Fail,Yes
74,Female,19,84.01,92.65,87.64,80.43,39.09,68.11,58.92,6.4,1.5,8.04,Pass,No
75,Male,24,74.47,53.25,70.87,67.02,47.18,41.79,58.39,2.6,6.2,7.58,Pass,Yes
76,Female,18,89.94,92.98,67.62,84.94,37.11,83.23,77.57,2.9,6.2,5.77,Pass,Yes
77,Female,18,91.03,73.52,67.39,61.42,83.32,98.95,34.7,2.7,3.4,4.08,Fail,Yes
78,Female,24,71.87,63.48,73.68,78.08,82.02,96.2,71.56,7.9,5.2,4.47,Fail,Yes
79,Male,23,66.07,53.46,77.2,51.19,43.84,43.8,84.04,2.4,4.3,6.35,Pass,No
80,Female,19,78.69,72.53,93.24,84.96,89.35,91.28,87.97,5.0,6.1,4.92,Fail,Yes
81,Male,23,91.49,85.75,64.8,72.74,45.06,79.31,41.94,7.5,2.9,6.26,Pass,Yes
82,Female,21,63.43,81.82,89.4,52.24,54.58,61.77,92.82,2.0,4.1,7.77,Pass,No
83,Male,18,79.92,52.26,81.26,57.51,51.18,67.84,75.93,7.8,3.9,7.28,Pass,No
84,Female,18,80.26,53.28,71.52,84.92,59.2,89.47,91.73,7.6,3.1,5.39,Pass,Yes
85,Male,22,84.32,68.13,79.71,68.96,51.55,63.61,63.97,7.2,6.3,6.06,Pass,No
86,Male,21,60.26,63.29,72.0,52.96,66.78,56.12,67.94,2.5,2.0,7.68,Pass,Yes
87,Female,18,83.63,60.46,83.84,98.04,61.48,64.53,94.33,5.4,1.9,9.17,Pass,No
88,Male,21,91.36,62.65,77.35,82.91,99.13,70.54,92.99,6.3,4.5,8.52,Pass,No
89,Female,19,62.19,86.16,66.58,97.43,38.64,43.24,61.37,7.9,4.9,7.32,Pass,Yes
90,Female,20,64.5,91.82,64.66,65.63,44.24,93.06,49.21,2.3,2.2,6.17,Pass,Yes
91,Female,18,93.86,68.23,81.87,68.51,38.43,77.19,57.52,6.4,3.3,6.19,Pass,No
92,Female,22,62.24,90.77,96.1,93.88,75.68,74.33,57.14,3.4,6.7,9.28,Pass,No
93,Female,19,89.18,64.47,73.76,71.5,38.54,36.96,50.08,2.2,2.5,4.24,Fail,Yes
94,Female,24,74.69,71.44,89.32,82.44,89.37,72.29,48.8,3.9,5.0,9.93,Pass,No
95,Female,21,64.89,60.17,86.35,55.13,68.28,38.47,90.27,6.6,5.4,7.99,Pass,No
96,Female,24,89.83,78.82,97.26,66.8,69.26,35.51,34.89,4.3,3.7,8.09,Pass,No
97,Female,23,72.81,94.05,92.84,47.41,71.5,66.91,77.43,4.8,6.6,4.23,Fail,Yes
98,Female,19,75.59,77.16,82.66,52.36,46.1,58.19,42.1,8.0,5.4,7.63,Pass,No
99,Female,24,69.37,66.1,86.28,40.06,47.85,71.22,54.12,3.8,3.7,6.91,Pass,No
100,Male,18,78.72,79.15,95.94,42.36,55.72,36.25,34.31,5.3,4.4,4.63,Fail,Yes
101,Male,21,61.54,55.53,75.98,98.64,73.58,60.17,48.9,3.6,5.2,5.67,Pass,Yes
102,Female,20,70.64,89.99,73.07,54.54,48.66,42.24,83.79,3.7,4.6,9.34,Pass,Yes
103,Female,19,93.78,72.64,60.43,79.8,42.56,99.1,91.95,5.9,6.3,7.3,Pass,Yes
104,Female,18,65.33,70.22,93.06,90.35,98.06,69.28,45.51,7.6,3.1,6.48,Pass,No
105,Female,22,81.27,76.36,92.04,73.04,36.43,78.12,62.45,4.8,2.8,4.44,Fail,Yes
106,Female,23,68.01,78.12,64.18,49.19,87.18,52.78,62.92,6.4,2.3,8.28,Pass,Yes
107,Female,21,85.94,53.23,83.07,83.69,86.22,36.63,91.15,1.6,1.2,8.22,Pass,No
108,Female,19,60.23,80.72,78.56,76.02,54.32,98.31,83.4,2.5,1.3,7.68,Pass,No
109,Female,19,93.79,60.89,64.75,83.88,43.82,50.04,65.92,4.5,6.2,7.06,Pass,Yes
110,Male,20,73.15,82.13,99.22,86.18,44.47,59.67,76.95,1.1,5.1,6.6,Pass,No
111,Female,20,64.44,87.01,68.59,98.52,80.33,75.49,89.31,2.8,5.0,7.56,Pass,Yes
112,Male,22,57.94,86.18,62.69,74.41,76.78,31.73,30.67,4.6,4.7,5.4,Pass,Yes
113,Female,23,61.79,74.86,83.79,60.5,85.88,86.72,58.2,1.1,6.1,9.65,Pass,No
114,Female,22,75.79,73.41,89.55,78.91,95.94,67.56,93.51,2.9,3.9,7.53,Pass,No
115,Male,18,68.48,56.43,61.3,44.11,79.98,49.48,81.82,4.6,6.2,5.87,Pass,Yes
116,Female,18,88.16,84.89,86.35,93.84,45.13,34.31,68.0,5.0,3.2,6.7,Pass,No
117,Male,22,72.24,62.21,81.29,47.16,50.82,41.37,67.08,7.5,6.6,8.83,Pass,No
118,Female,23,64.95,72.35,64.13,59.67,89.74,92.65,54.34,5.5,5.2,4.97,Fail,Yes
119,Female,22,79.69,62.79,66.9,88.94,48.6,78.02,66.44,3.9,2.5,5.76,Pass,Yes
120,Male,23,83.27,56.02,82.72,75.84,39.71,47.49,75.88,7.5,4.4,8.08,Pass,No
121,Female,23,61.68,78.33,71.85,63.62,80.71,34.59,59.29,6.5,4.2,5.89,Pass,Yes
122,Male,24,61.7,52.44,97.53,68.41,61.16,78.34,79.99,2.4,1.8,8.76,Pass,No
123,Female,21,56.47,83.69,92.75,91.27,94.8,70.07,90.29,1.9,4.5,4.78,Fail,Yes
124,Male,23,84.46,64.29,99.34,60.4,77.27,58.32,40.83,5.7,2.9,8.58,Pass,No
125,Male,20,81.55,50.01,70.39,92.18,40.88,55.45,61.61,4.9,1.3,4.41,Fail,Yes
126,Female,23,73.99,73.0,98.79,45.29,96.61,45.18,58.56,6.5,6.7,4.08,Fail,Yes
127,Female,23,88.77,52.11,77.25,86.61,51.81,76.87,78.12,6.2,4.8,9.39,Pass,No
128,Male,23,87.23,62.43,73.9,90.85,56.92,97.95,47.49,5.4,6.3,7.49,Pass,Yes
129,Female,24,78.41,81.81,62.01,50.91,61.15,42.3,74.82,7.9,5.1,6.11,Pass,Yes
130,Female,24,89.73,52.82,62.11,65.82,38.33,71.8,91.42,4.7,3.1,5.4,Pass,Yes
131,Female,18,63.23,87.77,87.68,49.93,67.27,59.69,59.27,1.8,4.1,7.7,Pass,No
132,Male,24,59.48,50.17,78.32,82.4,43.02,61.27,93.77,6.8,5.1,7.05,Pass,No
133,Male,20,65.79,61.11,69.06,72.12,61.06,47.79,99.52,2.8,6.8,9.95,Pass,Yes
134,Male,20,57.28,83.34,84.56,78.12,57.8,87.76,37.43,6.4,2.5,9.9,Pass,No
135,Male,24,76.25,64.23,70.11,51.79,85.23,63.97,46.31,7.7,6.2,7.81,Pass,Yes
136,Male,22,92.46,54.59,83.11,52.7,87.21,68.04,96.53,5.9,6.5,6.66,Pass,No
137,Male,21,56.57,66.21,74.37,42.49,44.97,51.33,97.08,5.2,5.0,6.95,Pass,Yes
138,Male,24,59.88,62.17,92.94,59.32,58.83,42.73,36.84,4.2,6.6,8.09,Pass,No
139,Male,23,73.09,87.92,92.83,73.58,59.27,36.01,31.05,3.6,3.4,4.61,Fail,Yes
140,Male,19,92.36,64.1,79.09,91.48,44.84,79.99,41.28,3.5,6.7,5.97,Pass,Yes
141,Female,21,67.65,85.5,74.03,80.02,86.9,43.74,99.72,5.5,5.2,4.45,Fail,Yes
142,Male,21,75.29,90.13,74.5,66.12,80.97,78.31,42.6,6.3,1.3,4.44,Fail,Yes
143,Female,20,56.66,69.52,92.23,97.19,47.37,57.33,65.18,5.7,6.4,5.18,Pass,Yes
144,Female,21,60.93,90.95,73.13,83.15,58.84,59.1,89.39,2.4,3.9,6.91,Pass,Yes
145,Female,24,94.47,66.98,68.36,95.81,41.88,62.84,31.43,4.5,3.8,8.71,Pass,Yes
146,Male,23,93.6,93.38,63.39,71.66,75.83,55.74,72.31,6.5,4.4,6.91,Pass,Yes
147,Male,23,55.2,54.02,78.67,55.53,42.89,37.04,49.39,4.3,1.9,6.01,Pass,No
148,Male,18,93.07,80.92,79.29,43.17,99.09,51.67,90.36,4.8,3.8,4.49,Fail,Yes
149,Male,23,80.56,72.22,93.64,83.57,85.74,76.46,49.84,6.4,6.0,7.3,Pass,No
150,Female,23,89.72,67.44,68.85,47.28,60.37,76.6,78.07,5.6,1.1,5.63,Pass,Yes
151,Male,20,73.19,78.47,75.24,58.17,72.61,50.04,77.2,3.9,2.6,7.69,Pass,No
152,Male,23,75.62,81.67,92.34,71.95,94.24,62.21,45.5,7.3,1.0,9.86,Pass,No
153,Male,18,74.55,50.2,92.94,73.86,71.02,43.54,32.44,2.1,3.5,4.67,Fail,Yes
154,Male,19,81.67,57.51,75.38,76.03,46.34,44.73,58.65,8.0,5.4,5.27,Pass,Yes
155,Male,24,60.59,82.09,78.36,49.98,59.62,31.61,50.24,1.8,5.8,6.84,Pass,No
156,Female,20,56.2,79.99,72.13,62.78,89.8,92.77,86.63,1.1,6.7,9.81,Pass,Yes
157,Male,19,67.32,93.47,97.3,77.03,76.87,44.75,86.03,7.2,4.7,8.63,Pass,No
158,Female,20,83.19,84.25,64.75,98.19,77.3,45.93,61.99,2.7,2.5,9.39,Pass,Yes
159,Male,22,63.07,92.78,97.35,83.66,91.34,49.57,72.46,6.1,6.5,6.0,Pass,No
160,Female,21,81.94,81.61,87.35,95.36,93.11,38.92,72.3,6.7,5.7,9.95,Pass,No
161,Male,22,93.8,63.41,81.26,85.73,94.79,74.75,87.9,7.0,4.4,4.62,Fail,Yes
162,Male,23,58.76,54.74,61.31,75.5,41.17,35.26,59.75,7.9,5.2,4.32,Fail,Yes
163,Female,19,81.9,85.18,79.02,51.52,70.37,39.39,49.28,3.1,6.5,9.13,Pass,No
164,Female,23,72.75,78.99,76.31,80.0,83.13,75.13,48.55,6.0,5.3,9.56,Pass,No
165,Female,21,89.73,52.17,66.45,77.4,84.2,53.78,67.53,1.8,3.2,4.54,Fail,Yes
166,Male,20,62.09,66.2,86.26,76.15,74.44,79.56,61.44,3.8,5.3,4.68,Fail,Yes
167,Female,21,82.71,93.06,98.85,69.39,45.84,69.02,60.81,6.9,1.2,4.2,Fail,Yes
168,Male,18,88.52,72.52,82.49,71.72,86.83,47.92,36.38,3.6,3.3,4.63,Fail,Yes
169,Male,21,92.78,69.47,88.59,60.07,81.81,75.56,80.3,5.1,3.4,5.26,Pass,Yes
170,Female,18,82.33,70.6,62.74,71.16,40.6,38.14,44.96,4.5,2.0,9.82,Pass,Yes
171,Female,21,74.89,59.4,76.71,51.85,65.15,67.55,43.79,5.5,1.1,8.01,Pass,No
172,Male,24,79.71,66.59,64.65,88.31,46.31,60.6,58.89,7.8,1.8,8.67,Pass,Yes
173,Male,18,89.76,66.64,84.51,51.15,56.94,48.75,45.94,1.4,4.9,8.66,Pass,No
174,Female,19,77.82,52.36,97.54,45.1,36.18,72.28,70.87,5.0,5.8,7.21,Pass,No
175,Female,23,56.22,84.54,86.47,66.17,61.02,90.99,56.0,7.0,6.9,8.78,Pass,No
176,Female,23,92.24,68.74,63.07,79.5,70.74,99.92,61.42,4.4,3.1,7.57,Pass,Yes
177,Male,22,82.58,87.0,74.19,66.26,75.27,72.54,67.6,1.5,4.6,5.89,Pass,Yes
178,Male,23,82.06,88.27,82.03,56.61,78.13,58.33,44.25,4.9,6.6,7.37,Pass,No
179,Male,20,63.63,59.54,76.13,73.49,89.36,45.76,40.9,3.3,2.0,7.2,Pass,No
180,Male,24,81.36,79.58,93.35,60.82,49.01,48.0,91.63,2.1,5.3,8.94,Pass,No
181,Male,21,70.75,71.25,92.59,95.97,42.83,63.56,60.36,6.9,5.5,9.89,Pass,No
182,Male,22,81.05,89.61,84.47,95.36,90.35,55.71,58.85,4.7,1.5,6.47,Pass,No
183,Female,20,59.26,59.71,74.94,70.14,45.18,93.97,32.49,7.5,6.2,8.58,Pass,Yes
184,Male,20,81.31,80.5,70.21,59.67,98.36,55.78,64.86,6.6,5.9,4.6,Fail,Yes
185,Male,18,94.98,77.35,64.23,84.23,89.76,56.14,68.79,5.9,1.2,8.66,Pass,Yes
186,Male,23,56.93,63.29,74.2,42.2,67.56,56.85,69.12,1.0,1.5,6.23,Pass,Yes
187,Female,19,94.09,56.15,76.53,68.49,98.79,88.56,79.49,4.0,1.3,4.24,Fail,Yes
188,Male,19,71.28,79.32,87.03,60.18,41.33,75.56,42.42,2.4,3.0,6.18,Pass,No
189,Male,22,89.83,83.24,86.33,95.23,54.7,72.99,47.66,7.4,4.1,7.66,Pass,No
190,Female,24,86.3,64.2,62.8,40.72,76.48,53.39,86.75,2.2,4.2,4.72,Fail,Yes
191,Male,19,77.68,79.02,75.81,73.17,57.75,87.25,96.3,3.0,2.6,9.54,Pass,No
192,Male,21,84.54,67.78,67.27,84.44,95.34,32.69,39.52,4.6,6.5,4.47,Fail,Yes
193,Male,19,90.14,82.09,66.27,69.1,39.27,90.96,64.84,2.8,3.2,9.58,Pass,Yes
194,Male,22,71.17,58.96,93.09,45.12,70.71,65.89,44.99,2.5,1.3,8.24,Pass,No
195,Male,19,68.08,90.06,61.68,98.35,73.41,57.88,34.21,5.2,2.8,5.98,Pass,Yes
196,Female,21,81.7,62.93,76.77,71.08,77.43,64.8,52.79,1.6,4.2,6.34,Pass,No
197,Female,18,87.31,66.55,66.73,76.85,51.62,76.72,40.06,1.4,3.4,8.44,Pass,Yes
198,Female,24,85.49,52.61,95.17,54.2,58.7,30.89,79.7,3.6,2.6,7.61,Pass,No
199,Male,22,86.91,55.02,82.28,69.01,89.84,91.01,67.36,6.0,1.8,8.03,Pass,No
200,Male,18,72.42,73.21,69.26,65.75,47.67,61.27,40.07,4.9,5.9,6.33,Pass,Yes
201,Male,18,87.71,62.04,80.1,44.49,88.75,54.01,30.65,4.0,7.0,6.93,Pass,No
202,Female,18,59.81,87.6,89.26,46.37,71.57,39.68,86.57,5.0,3.0,9.94,Pass,No
203,Male,20,76.78,50.66,98.32,90.25,84.54,60.76,42.33,3.6,3.3,5.28,Pass,Yes
204,Male,24,55.23,67.06,68.82,54.39,81.38,64.74,72.44,7.6,4.7,6.51,Pass,Yes
205,Female,23,67.98,65.18,95.45,51.7,48.49,58.26,53.58,1.4,5.3,5.75,Pass,Yes
206,Male,24,69.66,50.87,97.37,70.29,71.97,77.51,70.98,5.7,3.4,8.59,Pass,No
207,Female,20,70.85,55.6,96.66,86.12,91.4,59.46,52.1,7.2,6.4,8.58,Pass,No
208,Female,23,82.82,68.61,85.42,43.72,63.09,97.3,36.09,6.6,4.4,5.75,Pass,Yes
209,Female,24,70.54,72.18,85.19,74.61,97.83,71.95,45.61,2.3,3.7,4.49,Fail,Yes
210,Male,18,72.95,68.19,76.13,47.15,64.39,86.52,43.16,3.1,4.9,4.07,Fail,Yes
211,Male,22,64.5,73.89,90.1,42.19,44.28,37.65,59.96,6.0,6.7,6.56,Pass,No
212,Male,23,69.93,76.78,81.25,43.16,60.31,57.81,76.08,1.6,5.8,6.46,Pass,No
213,Male,21,64.09,50.45,87.1,90.05,96.86,53.58,48.47,6.7,1.2,9.93,Pass,No
214,Male,21,57.93,70.88,77.14,47.08,55.78,69.86,30.84,6.0,3.0,6.82,Pass,No
215,Male,19,79.14,93.36,89.26,42.71,91.43,90.28,66.33,6.1,3.8,5.54,Pass,Yes
216,Male,23,81.73,73.36,92.98,66.27,92.28,35.48,72.4,1.7,2.9,9.35,Pass,No
217,Female,22,79.78,80.49,65.86,90.64,57.76,35.08,97.4,6.0,5.2,6.95,Pass,Yes
218,Male,20,73.54,64.03,93.32,55.74,40.41,89.52,71.26,5.8,6.0,7.6,Pass,No
219,Female,18,70.19,84.83,81.61,65.3,82.1,44.9,62.98,6.8,5.4,4.57,Fail,Yes
220,Male,19,89.53,84.78,93.79,42.4,55.25,76.81,70.14,1.3,6.9,6.3,Pass,No
221,Male,21,75.76,73.46,77.25,66.94,85.89,68.0,94.95,1.2,2.6,9.67,Pass,No
222,Male,20,74.17,93.92,75.16,74.66,63.77,88.3,87.99,3.6,6.2,7.54,Pass,No
223,Female,20,56.03,55.65,96.6,74.25,66.54,38.76,52.61,2.0,5.6,6.07,Pass,No
224,Female,18,68.65,50.76,70.05,59.95,85.56,39.08,46.61,4.9,3.2,7.75,Pass,Yes
225,Female,23,70.21,84.66,93.77,58.93,59.85,68.98,48.38,7.4,5.4,9.46,Pass,No
226,Female,21,70.95,86.32,79.36,46.4,63.8,96.25,65.31,3.7,1.6,5.64,Pass,Yes
227,Male,22,78.21,55.41,80.56,62.01,59.45,59.05,82.08,6.9,5.7,7.03,Pass,No
228,Female,20,76.34,61.95,72.34,45.97,58.88,52.89,65.23,1.0,4.2,9.75,Pass,Yes
229,Male,18,79.32,50.79,82.92,86.0,69.19,72.47,34.75,2.2,2.8,5.03,Pass,Yes
230,Male,22,85.6,63.2,73.01,97.98,87.57,95.13,80.65,1.2,4.9,8.32,Pass,Yes
231,Female,23,87.52,84.79,61.57,98.2,58.51,88.58,86.42,3.3,4.8,7.69,Pass,Yes
232,Female,21,83.72,73.31,70.88,91.9,69.08,99.68,50.26,7.4,2.3,8.08,Pass,Yes
233,Female,23,93.22,65.66,60.26,76.05,78.6,31.58,76.49,1.7,1.2,6.11,Pass,Yes
234,Female,20,55.73,66.73,99.13,82.05,52.51,37.9,59.86,5.2,3.6,5.88,Pass,Yes
235,Female,22,62.83,50.06,98.63,57.11,53.04,72.66,92.24,4.2,4.4,8.11,Pass,No
236,Female,22,55.3,63.49,75.81,77.85,95.67,87.44,89.17,7.6,6.3,5.29,Pass,Yes
237,Female,22,80.9,79.09,89.13,67.34,82.03,49.97,66.78,1.9,6.6,6.52,Pass,No
238,Female,20,90.92,93.84,73.83,68.92,72.52,46.74,78.41,2.5,4.2,5.13,Pass,Yes
239,Male,20,64.74,88.12,86.84,85.47,77.1,85.09,91.83,1.2,5.5,4.05,Fail,Yes
240,Female,23,92.08,51.06,92.22,56.92,36.9,33.95,64.7,4.0,3.6,9.82,Pass,No
241,Female,19,57.41,90.44,97.87,59.08,75.18,55.86,51.93,2.9,5.5,6.59,Pass,No
242,Male,23,92.38,85.24,76.01,95.48,68.12,65.41,82.76,7.1,2.2,9.82,Pass,No
243,Female,21,69.06,85.12,91.33,43.37,70.47,69.22,45.4,5.2,3.2,4.84,Fail,Yes
244,Male,18,59.06,70.61,70.64,69.14,58.36,81.0,57.2,5.3,4.8,7.52,Pass,Yes
245,Male,22,74.43,67.91,99.61,94.77,40.3,54.84,90.6,4.7,1.1,5.21,Pass,Yes
246,Female,19,65.27,63.63,61.03,76.62,47.57,72.89,80.71,1.6,5.3,8.74,Pass,Yes
247,Male,18,66.39,52.96,84.14,72.78,96.8,70.98,58.27,4.1,6.0,8.7,Pass,No
248,Male,19,67.29,60.27,86.38,54.98,61.57,68.33,45.03,8.0,3.4,4.68,Fail,Yes
249,Male,24,87.12,61.1,87.52,60.6,65.33,74.83,54.92,6.8,3.7,9.47,Pass,No
250,Male,23,76.57,71.78,64.82,91.12,38.43,48.16,49.89,7.3,6.1,5.17,Pass,Yes
251,Female,20,67.45,83.63,97.54,73.55,37.44,35.93,42.33,6.8,5.7,7.68,Pass,No
252,Male,22,79.41,71.32,67.25,70.88,81.62,38.35,82.03,1.7,2.7,9.91,Pass,Yes
253,Female,23,83.65,52.6,84.91,45.97,69.98,45.72,47.64,2.6,2.9,9.29,Pass,No
254,Male,18,65.9,93.1,68.91,40.96,68.07,65.01,61.79,1.0,5.1,9.74,Pass,Yes
255,Male,24,71.54,92.42,72.29,97.82,50.8,88.83,57.01,3.1,4.4,6.06,Pass,Yes
256,Male,24,59.88,85.33,81.86,62.62,83.41,79.09,98.75,1.8,2.0,4.63,Fail,Yes
257,Male,24,62.25,94.61,76.69,76.19,45.94,85.23,57.38,4.3,2.9,5.13,Pass,Yes
258,Female,18,82.24,74.5,66.41,44.78,47.35,54.57,35.6,5.7,6.4,7.0,Pass,Yes
259,Female,18,62.26,93.32,66.84,80.99,64.95,58.33,36.29,7.1,5.1,8.76,Pass,Yes
260,Male,18,76.01,53.4,76.73,95.95,53.61,57.56,71.35,6.2,6.9,4.9,Fail,Yes
261,Male,18,83.36,66.46,90.29,74.54,51.09,43.43,71.96,7.6,5.6,7.96,Pass,No
262,Female,24,59.28,60.14,95.92,47.57,76.94,34.29,59.31,1.4,6.7,5.94,Pass,Yes
263,Male,24,77.69,58.81,63.37,74.9,77.31,71.36,60.23,1.1,2.3,6.05,Pass,Yes
264,Male,19,65.26,56.34,75.72,85.98,88.59,99.25,33.78,5.6,5.6,7.97,Pass,No
265,Male,23,93.52,78.01,64.01,64.38,62.15,41.68,66.16,3.0,1.1,6.8,Pass,Yes
266,Female,22,74.34,85.16,60.66,92.79,39.75,33.27,65.33,2.8,5.0,8.87,Pass,Yes
267,Female,20,87.24,76.02,86.47,78.92,52.79,84.57,40.47,3.3,3.8,4.94,Fail,Yes
268,Female,24,77.01,56.61,84.1,93.95,98.7,47.68,37.27,2.9,3.1,8.74,Pass,No
269,Male,20,56.74,86.5,66.52,77.41,73.76,88.08,38.65,4.6,6.2,4.39,Fail,Yes
270,Male,23,80.33,78.62,69.35,47.88,81.13,79.28,37.07,4.1,6.1,5.16,Pass,Yes
271,Female,23,93.06,67.47,60.95,58.58,35.48,96.2,72.68,4.6,1.1,7.94,Pass,Yes
272,Female,20,79.06,80.34,93.4,52.11,68.68,58.62,43.75,5.7,4.7,9.13,Pass,No
273,Female,24,87.77,61.7,98.99,94.53,37.44,76.34,47.6,3.7,3.2,5.52,Pass,Yes
274,Female,20,90.37,65.53,65.42,85.62,72.0,62.54,42.15,2.8,3.5,5.96,Pass,Yes
275,Male,19,64.12,91.29,69.26,80.58,94.85,74.14,97.05,2.2,6.0,7.22,Pass,Yes
276,Female,21,63.48,63.07,94.74,58.06,97.95,61.47,89.82,3.4,2.9,5.27,Pass,Yes
277,Male,24,79.44,71.15,97.06,51.04,70.14,43.2,46.13,6.2,6.7,8.87,Pass,No
278,Female,24,71.44,90.06,76.79,85.39,64.78,65.55,52.93,6.3,2.1,8.64,Pass,No
279,Male,22,88.59,81.85,62.02,68.45,96.43,67.0,44.69,5.7,5.0,4.87,Fail,Yes
280,Female,18,91.0,52.8,61.58,53.55,78.78,86.74,64.43,2.6,5.0,6.78,Pass,Yes
281,Female,21,69.14,56.63,82.96,77.0,39.22,81.49,31.37,5.1,2.5,8.65,Pass,No
282,Female,23,64.47,50.35,75.72,42.42,65.27,76.47,77.0,5.0,2.9,6.02,Pass,No
283,Female,24,86.22,78.39,61.15,59.57,50.62,37.94,66.62,4.4,6.0,7.8,Pass,Yes
284,Male,20,65.99,70.15,83.33,68.11,65.54,80.44,92.9,4.8,5.6,4.3,Fail,Yes
285,Female,21,87.9,56.04,60.45,48.88,64.61,65.02,41.51,4.4,3.0,7.65,Pass,Yes
286,Male,22,71.95,93.11,91.49,99.08,72.84,92.59,86.29,5.0,4.2,4.92,Fail,Yes
287,Male,23,81.7,73.83,72.26,52.55,58.19,94.39,85.44,6.0,1.4,8.98,Pass,Yes
288,Male,18,58.82,60.89,61.61,47.82,45.68,33.86,38.9,1.8,2.3,6.13,Pass,Yes
289,Male,18,79.95,72.53,83.53,52.21,67.74,87.44,57.9,6.2,3.9,5.69,Pass,Yes
290,Female,22,73.07,80.58,75.91,86.14,88.96,32.64,41.91,2.0,1.5,9.05,Pass,No
291,Male,22,78.46,53.43,98.95,65.53,78.16,55.7,47.83,1.5,6.1,4.3,Fail,Yes
292,Male,20,61.72,62.36,81.77,73.92,56.99,67.96,48.43,7.8,5.3,6.38,Pass,No
293,Male,24,84.47,86.31,71.01,41.26,95.81,40.37,68.94,7.7,6.7,6.22,Pass,Yes
294,Female,18,89.51,70.68,88.38,42.07,94.29,82.24,58.8,1.4,5.2,5.71,Pass,Yes
295,Female,23,63.67,74.6,70.86,66.75,48.61,30.58,96.34,4.1,6.6,9.47,Pass,Yes
296,Female,21,58.83,69.48,96.17,89.0,37.56,41.8,38.85,2.3,4.3,8.51,Pass,No
297,Female,23,55.95,51.98,74.99,93.11,83.19,70.66,98.16,4.4,4.6,4.38,Fail,Yes
298,Male,19,80.68,57.46,81.99,45.2,88.79,80.01,46.14,6.8,6.9,8.29,Pass,No
299,Male,19,79.28,70.05,62.02,72.3,97.91,94.17,84.1,7.7,4.9,7.16,Pass,Yes
300,Female,22,76.87,59.41,77.04,94.79,92.84,79.38,53.73,5.4,1.2,9.41,Pass,No
301,Male,20,64.28,52.25,93.29,63.28,74.03,77.02,40.02,3.5,5.3,5.88,Pass,Yes
302,Male,19,70.64,87.96,92.23,89.77,69.45,57.6,90.05,5.2,6.4,7.44,Pass,No
303,Male,18,78.78,94.15,68.97,48.02,36.81,30.09,51.62,3.2,5.8,7.0,Pass,Yes
304,Female,23,74.87,85.69,69.04,96.12,51.03,38.41,76.12,7.4,4.5,6.94,Pass,Yes
305,Female,23,94.51,88.42,92.69,85.09,64.87,67.42,69.65,7.1,5.0,6.74,Pass,No
306,Male,22,60.46,60.89,97.22,96.48,75.85,77.26,63.02,4.9,6.9,5.23,Pass,Yes
307,Female,24,82.81,93.23,63.81,80.6,71.22,59.22,64.71,3.3,1.5,8.53,Pass,Yes
308,Female,24,71.17,58.86,78.0,61.8,83.27,81.15,81.26,3.1,5.0,6.71,Pass,No
309,Female,21,72.13,92.81,73.5,96.29,53.18,66.53,36.14,1.2,2.7,9.75,Pass,Yes
310,Female,22,83.7,94.77,94.83,56.53,71.72,35.19,76.77,6.7,4.8,5.56,Pass,Yes
311,Female,21,82.7,82.03,63.34,59.93,40.73,43.44,92.71,4.2,4.6,8.1,Pass,Yes
312,Male,24,94.65,94.15,68.45,82.05,61.89,88.8,34.05,3.3,1.9,9.64,Pass,Yes
313,Female,22,60.14,75.63,90.1,85.92,83.76,80.74,39.85,4.3,2.2,7.98,Pass,No
314,Male,22,59.16,61.68,62.05,95.76,80.07,92.63,80.16,6.7,4.7,9.23,Pass,Yes
315,Male,22,83.97,69.66,79.7,52.29,99.39,38.23,60.61,1.9,1.8,8.96,Pass,No
316,Female,24,78.14,76.71,77.68,87.88,53.06,99.32,58.25,7.0,2.6,6.16,Pass,No
317,Male,21,65.97,53.29,73.38,84.31,67.38,44.66,39.59,7.3,6.0,7.6,Pass,Yes
318,Male,21,58.18,78.01,75.78,43.83,56.42,30.82,65.47,7.6,3.0,4.94,Fail,Yes
319,Male,22,58.43,94.15,81.2,63.23,63.64,99.82,38.86,3.8,3.9,7.21,Pass,No
320,Female,19,90.77,58.55,66.45,56.97,90.7,49.68,63.36,2.5,6.6,5.38,Pass,Yes
321,Female,20,62.67,85.67,82.88,58.27,79.47,76.76,83.45,3.6,2.4,8.46,Pass,No
322,Male,24,67.93,90.86,92.22,98.98,92.36,42.37,48.08,3.3,3.3,7.17,Pass,No
323,Female,20,64.07,92.47,90.41,78.57,48.23,70.62,63.66,2.2,4.6,6.47,Pass,No
324,Female,20,69.2,93.21,66.16,83.06,91.77,93.28,99.44,5.3,5.5,5.61,Pass,Yes
325,Female,21,57.78,73.47,65.97,98.6,38.88,52.41,78.07,4.3,6.4,9.99,Pass,Yes
326,Female,21,75.76,93.98,70.73,62.63,92.76,76.92,88.89,7.1,6.5,4.43,Fail,Yes
327,Male,19,57.7,84.08,74.44,88.11,56.39,43.15,59.04,1.2,5.7,4.26,Fail,Yes
328,Male,20,87.01,57.28,76.34,66.07,55.45,73.74,83.75,5.5,2.4,5.3,Pass,Yes
329,Female,20,64.35,71.46,87.19,92.17,68.29,53.55,32.84,6.3,1.1,9.83,Pass,No
330,Female,22,76.6,82.32,62.27,50.84,96.14,44.78,38.6,6.3,3.3,9.88,Pass,Yes
331,Male,21,90.2,61.13,61.39,96.86,38.11,51.92,44.21,7.2,1.8,7.93,Pass,Yes
332,Male,20,81.04,78.83,75.68,53.13,57.9,42.52,58.14,6.1,5.3,9.28,Pass,No
333,Female,23,76.32,80.0,87.89,59.57,90.68,93.13,89.2,7.5,5.0,5.28,Pass,Yes
334,Male,19,67.97,57.32,67.74,85.37,60.74,57.8,54.24,3.3,1.3,9.83,Pass,Yes
335,Female,23,68.32,75.43,85.66,63.63,47.95,47.17,75.82,4.5,6.0,4.86,Fail,Yes
336,Female,23,81.78,84.72,70.39,76.49,62.61,61.39,79.65,1.1,2.5,4.61,Fail,Yes
337,Male,24,94.77,72.45,95.44,66.67,60.06,52.44,71.03,1.0,3.6,4.67,Fail,Yes
338,Male,24,81.47,50.54,95.83,84.54,94.5,82.11,55.01,2.7,5.0,7.44,Pass,No
339,Female,19,77.31,50.41,71.89,53.7,84.53,97.99,70.39,1.7,3.6,8.69,Pass,Yes
340,Female,23,84.23,66.07,69.2,43.51,67.83,60.66,53.96,2.8,3.6,6.2,Pass,Yes
341,Male,20,73.61,91.68,76.45,58.0,99.24,90.27,35.87,2.2,1.4,9.87,Pass,No
342,Female,21,57.41,60.29,69.62,68.46,65.24,69.61,99.5,1.2,3.4,6.61,Pass,Yes
343,Male,19,77.49,78.55,86.9,50.08,38.79,41.01,38.9,7.4,5.6,4.9,Fail,Yes
344,Female,22,93.31,59.99,93.04,61.29,52.05,78.34,35.06,1.1,6.5,6.8,Pass,No
345,Male,23,62.01,64.48,86.92,64.0,63.34,65.94,91.5,6.2,3.5,8.07,Pass,No
346,Male,19,82.6,88.16,92.97,43.44,45.2,75.54,51.13,2.1,3.5,8.99,Pass,No
347,Male,18,63.04,82.8,75.88,75.0,96.59,92.28,75.52,7.4,5.2,6.75,Pass,No
348,Female,18,76.43,54.29,66.25,93.06,84.85,60.83,53.03,7.2,6.7,7.56,Pass,Yes
349,Female,24,58.87,69.29,89.52,49.1,52.44,93.08,57.4,5.6,2.6,5.6,Pass,Yes
350,Male,21,73.01,51.31,74.42,75.87,73.4,82.55,48.35,5.7,3.6,7.88,Pass,Yes
351,Female,20,85.25,71.64,86.85,79.88,81.89,64.2,54.01,1.0,5.8,9.92,Pass,No
352,Male,21,68.9,79.81,70.83,65.16,96.18,72.23,58.75,7.9,4.7,4.29,Fail,Yes
353,Male,21,81.6,55.33,63.25,82.07,92.31,52.79,80.43,7.1,1.7,9.32,Pass,Yes
354,Female,21,86.82,63.0,99.7,64.64,68.49,98.85,65.81,7.3,4.8,7.37,Pass,No
355,Female,21,92.09,67.9,66.25,70.28,85.35,76.71,96.05,5.6,2.1,5.51,Pass,Yes
356,Male,22,64.39,91.38,99.54,40.44,71.54,33.07,32.93,3.4,4.1,9.73,Pass,No
357,Female,22,70.97,94.7,99.09,81.5,70.93,52.86,65.21,7.3,4.2,6.9,Pass,No
358,Female,24,61.1,52.02,91.75,79.68,42.46,73.63,70.9,3.0,6.3,5.99,Pass,Yes
359,Male,19,94.7,84.25,86.38,42.3,43.2,33.94,94.41,4.9,3.8,5.09,Pass,Yes
360,Male,18,92.08,66.73,83.11,62.1,69.42,31.67,33.44,1.7,2.7,5.47,Pass,Yes
361,Female,21,76.6,67.66,94.64,98.74,52.48,61.5,70.14,7.5,2.4,9.0,Pass,No
362,Male,24,88.68,83.94,71.58,65.24,36.37,53.29,89.75,2.0,6.2,7.69,Pass,Yes
363,Male,19,75.84,91.33,78.71,70.12,81.98,60.68,46.93,2.6,2.0,9.48,Pass,No
364,Female,18,79.94,92.79,84.78,94.6,37.11,48.39,91.34,4.9,3.6,5.39,Pass,Yes
365,Male,23,58.56,75.97,76.45,83.04,73.69,41.53,31.33,6.3,2.1,4.73,Fail,Yes
366,Male,20,85.21,66.07,77.1,74.92,70.05,78.24,81.27,5.3,5.6,4.04,Fail,Yes
367,Female,22,60.11,85.44,73.21,87.87,97.97,66.02,95.32,2.6,3.8,7.05,Pass,Yes
368,Female,23,88.04,61.3,82.57,91.86,66.47,44.01,76.0,1.0,3.1,9.99,Pass,No
369,Male,18,86.28,75.38,94.02,67.41,39.13,52.37,60.73,6.3,3.2,8.17,Pass,No
370,Male,23,83.35,66.14,68.06,68.51,70.86,71.43,33.14,7.9,6.1,5.85,Pass,Yes
371,Female,20,56.45,79.55,97.38,63.16,89.67,35.06,94.41,6.7,4.3,9.26,Pass,No
372,Female,24,67.13,60.82,87.56,98.0,99.8,40.32,62.92,4.2,5.3,8.69,Pass,No
373,Female,18,65.52,58.62,92.93,81.83,62.97,35.13,32.03,7.3,6.4,4.09,Fail,Yes
374,Female,23,69.41,91.32,82.25,44.99,55.82,86.86,78.29,3.9,6.4,8.9,Pass,No
375,Male,22,58.51,54.58,91.18,91.78,93.93,82.67,63.73,4.7,3.0,5.8,Pass,Yes
376,Female,22,92.48,72.77,60.65,68.83,47.43,82.73,38.7,4.3,6.7,4.9,Fail,Yes
377,Female,19,77.15,59.94,92.74,44.13,75.0,80.14,45.0,4.1,1.1,5.36,Pass,Yes
378,Male,23,67.22,51.75,61.61,72.98,61.37,76.86,34.51,6.4,3.3,6.81,Pass,Yes
379,Female,21,70.88,51.62,95.6,65.03,37.67,63.39,70.2,4.7,6.4,6.55,Pass,No
380,Male,23,72.89,57.88,99.68,92.66,57.57,74.96,73.54,3.2,2.6,5.73,Pass,Yes
381,Female,24,79.02,89.0,71.76,52.24,52.24,32.69,65.4,2.8,2.6,5.03,Pass,Yes
382,Female,18,75.63,62.71,68.41,89.59,79.6,73.5,87.2,1.3,2.8,8.57,Pass,Yes
383,Female,18,91.78,92.77,90.61,73.46,96.67,84.45,90.27,5.1,4.7,9.94,Pass,No
384,Male,24,74.88,76.17,70.12,43.28,52.42,65.03,73.09,2.6,3.6,8.67,Pass,Yes
385,Male,23,94.69,69.65,94.62,98.31,87.75,55.03,30.89,2.0,5.4,5.78,Pass,Yes
386,Female,24,89.06,76.1,64.11,70.76,38.6,49.42,78.67,5.6,6.4,5.47,Pass,Yes
387,Male,20,63.34,73.25,65.04,57.45,69.98,75.0,59.26,5.8,5.0,5.31,Pass,Yes
388,Male,24,92.22,84.14,99.17,68.16,39.59,78.5,69.59,6.3,2.2,4.82,Fail,Yes
389,Male,22,59.65,62.71,86.95,91.47,95.71,90.97,75.44,4.5,6.6,7.31,Pass,No
390,Male,24,87.7,65.89,93.88,58.29,84.81,53.96,54.52,7.3,2.6,7.63,Pass,No
391,Male,18,70.22,90.23,72.97,51.56,77.77,83.88,94.2,7.6,1.9,8.23,Pass,Yes
392,Male,22,90.12,92.59,87.06,47.74,88.55,69.29,39.38,6.7,1.5,8.08,Pass,No
393,Female,18,89.72,90.17,83.77,57.87,77.09,91.8,77.01,5.4,4.4,5.75,Pass,Yes
394,Female,19,87.24,68.88,84.13,86.8,97.98,66.95,30.31,3.1,1.7,5.98,Pass,Yes
395,Male,21,86.6,85.12,87.3,68.3,81.41,66.23,94.73,7.9,1.8,8.09,Pass,No
396,Female,18,67.19,71.44,83.01,53.65,95.1,70.45,37.88,2.9,2.8,6.1,Pass,No
397,Female,22,58.24,72.39,77.16,49.97,68.61,82.45,36.64,2.4,2.7,5.28,Pass,Yes
398,Female,19,71.12,59.21,71.04,59.96,42.61,97.53,53.31,4.1,4.6,6.25,Pass,Yes
399,Female,18,61.94,76.6,90.74,96.4,69.33,35.15,56.15,1.4,5.9,5.63,Pass,Yes
400,Male,20,82.8,58.38,69.05,60.58,43.25,33.74,45.0,7.8,5.6,4.53,Fail,Yes
401,Female,24,68.84,64.92,87.69,99.29,73.51,95.63,70.96,5.1,2.6,8.98,Pass,No
402,Female,21,94.02,88.48,69.33,69.11,66.36,67.09,61.0,4.9,2.5,9.12,Pass,Yes
403,Male,18,80.64,59.32,85.01,50.75,75.47,73.04,32.39,5.6,6.8,5.32,Pass,Yes
404,Male,19,87.9,53.2,89.88,93.47,35.65,63.77,52.38,4.5,1.0,4.39,Fail,Yes
405,Female,20,60.3,53.11,68.75,67.62,47.66,36.56,86.73,1.2,6.3,8.43,Pass,Yes
406,Female,23,89.48,92.34,62.4,82.58,66.94,83.77,78.28,5.3,2.2,5.27,Pass,Yes
407,Female,19,91.91,72.81,65.24,99.02,96.78,82.31,80.74,6.0,6.7,6.36,Pass,Yes
408,Female,24,74.48,68.42,84.24,43.01,59.93,51.82,78.87,3.9,3.1,4.38,Fail,Yes
409,Female,19,79.25,86.49,93.98,45.8,62.58,51.44,51.77,6.3,3.6,5.36,Pass,Yes
410,Female,20,85.59,87.61,61.8,83.23,81.46,88.65,36.98,2.6,5.2,8.76,Pass,Yes
411,Male,19,61.99,64.95,89.37,56.91,74.25,35.07,49.07,2.5,4.5,8.83,Pass,No
412,Female,20,75.1,81.21,73.65,51.06,54.43,91.68,88.22,2.1,2.9,5.24,Pass,Yes
413,Female,18,70.95,84.7,79.14,42.36,61.7,47.97,98.63,3.6,4.3,6.02,Pass,No
414,Male,20,60.85,79.46,97.15,41.31,49.15,71.51,64.57,6.9,5.4,4.81,Fail,Yes
415,Male,20,69.7,56.82,73.28,86.47,97.79,95.52,30.68,6.8,1.3,4.45,Fail,Yes
416,Male,21,57.73,89.41,78.61,48.07,43.49,77.47,39.8,3.7,1.1,9.95,Pass,No
417,Male,20,56.03,74.26,60.55,68.06,59.17,59.01,52.55,5.1,3.7,7.93,Pass,Yes
418,Female,20,60.41,62.71,63.26,76.35,36.68,78.27,70.5,6.0,1.8,7.25,Pass,Yes
419,Female,23,93.52,69.14,70.34,65.7,49.42,54.08,35.26,2.7,5.0,8.59,Pass,Yes
420,Female,18,76.98,51.69,61.11,41.63,85.73,49.41,96.04,2.2,2.3,9.04,Pass,Yes
421,Female,24,93.63,55.75,85.26,87.01,48.08,99.77,55.56,7.8,3.6,8.84,Pass,No
422,Female,21,72.3,84.45,77.06,40.63,40.2,82.56,93.88,5.3,2.2,4.1,Fail,Yes
423,Female,23,67.47,50.0,81.93,85.71,65.84,75.13,84.64,7.9,4.3,5.12,Pass,Yes
424,Male,22,75.25,68.75,66.99,93.6,35.65,54.87,82.88,3.4,1.7,7.93,Pass,Yes
425,Female,18,72.58,73.51,71.84,65.97,40.51,33.44,72.47,5.9,1.1,6.25,Pass,Yes
426,Male,18,59.23,52.46,86.55,72.13,87.5,32.17,73.87,2.6,1.3,9.89,Pass,No
427,Male,22,80.63,93.79,98.61,68.62,85.15,68.79,74.66,2.8,6.7,7.99,Pass,No
428,Female,24,63.64,60.18,62.02,63.35,94.48,83.34,74.01,4.6,1.9,9.74,Pass,Yes
429,Male,20,79.78,63.69,95.62,93.25,90.54,67.62,68.76,3.2,5.3,5.21,Pass,Yes
430,Female,23,81.01,63.68,83.08,93.64,79.41,88.85,99.05,2.2,1.4,9.18,Pass,No
431,Male,19,61.08,60.37,82.56,60.15,38.4,32.34,81.26,2.8,1.6,5.93,Pass,Yes
432,Female,21,57.45,50.07,80.01,76.9,85.89,55.67,84.39,1.3,4.1,9.94,Pass,No
433,Male,19,86.23,82.82,62.78,95.61,89.96,46.59,91.07,5.9,3.8,4.95,Fail,Yes
434,Female,22,73.39,93.51,63.6,97.72,86.94,61.31,45.09,4.4,6.7,7.1,Pass,Yes
435,Female,18,57.33,60.09,84.04,70.54,68.05,35.07,35.87,1.7,6.7,8.76,Pass,No
436,Female,24,94.79,79.84,73.64,67.17,50.14,96.79,63.8,2.2,5.7,6.6,Pass,Yes
437,Female,18,57.31,83.39,96.69,56.72,89.95,45.63,65.99,1.7,4.6,6.81,Pass,No
438,Female,21,82.8,88.18,76.26,97.53,82.27,94.56,88.04,5.3,3.7,9.92,Pass,No
439,Male,18,94.35,69.02,65.73,48.57,98.75,59.81,61.06,1.7,3.1,6.55,Pass,Yes
440,Male,18,64.57,63.63,88.59,74.79,45.12,98.99,69.96,6.3,6.7,7.62,Pass,No
441,Male,21,60.69,64.64,71.73,56.95,49.67,68.78,66.89,1.1,4.6,4.33,Fail,Yes
442,Female,23,59.86,82.07,81.02,56.74,48.77,95.16,32.67,2.7,4.5,9.05,Pass,No
443,Male,23,67.13,86.76,87.91,64.3,86.52,30.37,73.07,7.2,2.4,7.89,Pass,No
444,Female,21,59.04,58.17,96.01,99.93,47.15,82.38,87.96,6.0,1.3,6.42,Pass,No
445,Female,24,82.69,66.69,91.69,43.3,39.33,93.21,41.03,1.5,6.7,4.1,Fail,Yes
446,Male,22,57.49,90.59,87.05,74.71,99.91,39.78,71.6,6.7,2.9,7.55,Pass,No
447,Male,18,75.38,86.3,87.19,44.95,36.61,36.73,71.55,4.5,3.7,4.08,Fail,Yes
448,Female,24,94.87,94.32,97.84,49.27,89.29,59.72,41.49,6.9,1.7,4.01,Fail,Yes
449,Male,18,87.56,83.94,71.83,66.37,58.75,95.36,38.64,5.2,6.0,7.7,Pass,Yes
450,Female,22,79.61,67.69,60.04,70.63,89.71,67.97,98.6,5.8,1.2,5.13,Pass,Yes
451,Female,23,67.25,76.58,70.88,55.53,71.05,66.92,57.56,8.0,6.0,5.15,Pass,Yes
452,Female,24,79.96,79.75,68.72,58.99,93.61,39.88,45.92,2.6,1.8,7.92,Pass,Yes
453,Female,20,76.08,53.53,86.47,45.22,95.2,30.06,41.99,5.4,6.3,4.32,Fail,Yes
454,Female,20,72.04,74.5,85.35,58.19,35.59,86.71,76.73,4.2,5.4,5.88,Pass,Yes
455,Male,20,60.23,81.92,83.74,97.99,39.9,36.13,72.66,1.3,2.0,4.9,Fail,Yes
456,Male,23,90.46,57.53,60.65,96.68,51.27,74.37,75.05,1.1,4.4,7.48,Pass,Yes
457,Female,23,72.99,85.13,89.15,60.09,78.51,94.02,36.16,1.8,2.9,7.97,Pass,No
458,Female,22,62.78,76.27,72.94,74.25,92.74,44.61,92.55,5.5,2.1,8.33,Pass,Yes
459,Male,18,69.71,92.85,86.6,94.58,64.9,76.57,57.25,5.0,6.2,5.53,Pass,Yes
460,Male,22,71.57,51.91,82.26,40.37,74.45,35.51,51.94,4.9,3.4,4.54,Fail,Yes
461,Female,22,88.1,61.94,73.71,88.64,47.25,72.26,62.37,1.2,3.4,4.47,Fail,Yes
462,Male,23,84.34,77.07,65.38,96.9,87.32,41.48,57.3,4.3,2.0,6.56,Pass,Yes
463,Female,20,85.77,63.35,63.78,45.48,97.88,81.52,90.45,7.5,3.3,9.68,Pass,Yes
464,Male,19,55.44,82.15,93.26,49.69,52.46,51.09,95.05,3.8,6.2,5.31,Pass,Yes
465,Female,18,71.65,84.16,96.74,97.64,67.16,62.44,51.24,5.4,3.2,5.54,Pass,Yes
466,Male,23,74.25,54.61,85.99,72.25,40.6,71.96,90.48,6.5,6.7,4.61,Fail,Yes
467,Female,20,55.77,73.12,64.14,40.85,71.34,41.99,84.71,6.5,6.7,7.63,Pass,Yes
468,Male,24,65.39,72.9,76.08,55.46,67.68,81.91,95.16,4.6,1.9,8.08,Pass,No
469,Male,19,85.41,66.62,89.16,67.0,44.39,51.18,47.2,7.0,2.1,7.86,Pass,No
470,Female,19,60.48,91.98,91.19,81.57,63.73,76.37,70.39,3.7,6.2,9.17,Pass,No
471,Male,23,76.41,87.24,64.73,83.99,56.72,41.08,49.22,7.2,3.4,6.92,Pass,Yes
472,Female,21,63.61,81.37,60.0,99.73,68.92,78.17,87.69,2.7,1.0,4.81,Fail,Yes
473,Male,18,55.48,82.14,88.49,57.25,73.07,38.97,30.37,3.0,2.6,5.74,Pass,Yes
474,Female,19,64.65,70.78,74.26,72.29,35.55,59.77,69.54,1.4,4.6,7.97,Pass,Yes
475,Male,23,94.03,91.44,70.18,72.0,84.47,47.3,53.74,6.6,5.8,7.68,Pass,Yes
476,Female,23,87.06,81.26,60.52,64.34,81.35,82.39,52.59,3.9,1.8,7.19,Pass,Yes
477,Male,20,93.38,82.8,81.61,50.15,58.81,48.34,75.14,2.6,1.7,8.1,Pass,No
478,Female,24,74.51,88.78,94.05,98.65,38.44,91.72,89.6,2.6,6.5,7.82,Pass,No
479,Male,21,59.39,62.33,98.31,91.2,84.07,92.43,72.64,7.3,5.5,9.29,Pass,No
480,Female,18,76.92,86.32,82.63,69.9,97.09,43.75,89.72,6.8,4.5,7.52,Pass,No
481,Female,22,73.18,58.79,80.58,76.19,50.61,72.97,48.52,4.9,5.6,8.67,Pass,No
482,Female,24,88.77,65.54,63.4,53.64,56.03,36.14,66.37,5.3,3.6,5.49,Pass,Yes
483,Male,24,58.92,65.1,81.95,72.63,46.95,57.41,61.54,4.3,5.6,8.07,Pass,No
484,Female,20,74.53,94.03,75.2,81.7,72.5,79.93,30.82,3.7,3.2,9.41,Pass,No
485,Male,19,61.0,88.54,84.29,70.91,45.06,76.16,68.98,7.4,2.5,6.31,Pass,No
486,Female,19,67.99,81.55,75.55,99.42,58.15,73.73,76.31,1.9,5.4,8.67,Pass,No
487,Male,20,84.49,82.72,69.61,76.68,80.31,49.78,71.43,3.9,3.5,8.35,Pass,Yes
488,Female,23,74.04,75.29,63.8,62.26,71.41,56.46,81.54,3.4,6.9,4.36,Fail,Yes
489,Male,19,70.04,92.62,72.6,86.33,60.12,37.21,69.99,4.5,3.1,7.49,Pass,Yes
490,Male,21,70.78,72.33,63.87,50.23,62.32,80.33,34.67,4.2,6.5,4.78,Fail,Yes
491,Female,18,73.38,67.12,67.08,63.07,71.54,65.27,38.15,4.6,6.6,9.8,Pass,Yes
492,Male,24,86.4,57.34,99.49,60.82,35.38,79.61,71.75,2.0,2.5,8.87,Pass,No
493,Male,24,90.68,85.38,77.76,65.91,40.1,47.43,49.25,4.6,5.8,4.66,Fail,Yes
494,Female,21,93.21,83.05,81.27,86.91,92.28,52.71,35.58,2.7,3.6,4.73,Fail,Yes
495,Male,19,86.48,67.3,94.94,69.05,40.06,53.4,60.07,2.3,6.5,7.57,Pass,No
496,Male,24,67.62,51.13,99.82,87.64,80.94,31.8,68.8,1.5,3.7,6.07,Pass,No
497,Male,22,82.53,87.75,83.31,74.59,94.8,53.87,53.01,6.3,5.5,4.21,Fail,Yes
498,Female,18,72.5,50.51,92.5,60.52,52.59,86.23,80.43,4.0,3.8,7.25,Pass,No
499,Male,18,65.19,81.67,73.08,88.6,59.08,92.81,75.06,5.4,2.4,6.33,Pass,Yes
500,Female,24,88.63,93.66,72.23,54.3,71.98,66.28,53.3,6.1,2.2,4.61,Fail,Yes
501,Male,20,56.54,69.69,76.11,53.46,92.31,61.89,82.84,5.8,3.6,8.81,Pass,No
502,Male,24,91.07,60.57,86.9,70.27,96.22,32.16,75.41,4.3,5.5,9.49,Pass,No
503,Male,20,73.46,81.72,87.29,55.65,83.07,91.54,74.62,3.7,4.6,8.54,Pass,No
504,Female,24,80.49,86.77,72.61,40.55,40.63,30.91,68.74,3.6,5.1,8.93,Pass,Yes
505,Male,22,81.37,74.59,65.33,78.9,78.5,96.13,30.8,5.5,2.7,5.3,Pass,Yes
506,Male,23,90.8,93.52,85.3,70.67,61.67,64.25,78.76,4.5,3.9,5.58,Pass,Yes
507,Female,18,80.47,52.33,65.13,66.73,65.6,53.94,56.32,6.9,1.3,5.25,Pass,Yes
508,Male,24,79.56,72.72,83.14,98.02,38.19,94.7,95.98,7.1,5.9,8.59,Pass,No
509,Female,22,57.67,82.33,87.74,74.27,47.42,31.71,87.26,2.2,6.9,9.69,Pass,No
510,Female,20,75.74,88.82,88.02,91.81,86.38,70.7,71.14,2.0,3.4,8.3,Pass,No
511,Male,20,61.01,58.07,90.14,48.37,64.51,68.43,47.65,5.4,1.1,9.29,Pass,No
512,Female,18,84.5,86.0,94.91,74.15,54.61,45.35,44.26,3.1,2.0,7.83,Pass,No
513,Male,21,75.49,74.87,80.0,92.08,59.96,60.02,53.83,1.1,4.9,6.33,Pass,No
514,Female,24,82.21,67.84,89.21,74.99,90.54,75.66,63.36,7.2,4.7,6.55,Pass,No
515,Female,19,56.67,55.93,84.77,83.08,83.68,80.9,50.72,2.6,5.7,4.45,Fail,Yes
516,Male,20,58.39,88.94,67.47,62.32,52.7,30.05,66.05,7.5,2.5,4.19,Fail,Yes
517,Female,23,83.65,57.08,61.03,45.55,42.64,95.58,41.58,6.0,5.6,8.17,Pass,Yes
518,Female,23,57.88,63.94,71.38,67.47,51.38,41.52,98.44,6.3,5.1,6.63,Pass,Yes
519,Female,20,57.85,63.05,77.72,63.67,94.85,46.35,37.55,2.4,2.9,7.31,Pass,No
520,Female,21,55.48,89.21,84.68,92.02,72.8,48.44,95.24,2.6,4.3,7.35,Pass,No
521,Female,21,93.26,80.27,94.0,54.64,69.68,32.65,93.95,4.6,1.9,5.66,Pass,Yes
522,Male,22,84.5,85.85,67.85,98.0,73.77,38.61,66.78,2.2,3.7,6.86,Pass,Yes
523,Female,23,69.13,61.27,65.02,97.49,58.79,99.04,80.74,3.1,6.3,6.82,Pass,Yes
524,Male,22,66.86,78.12,98.54,54.86,87.46,52.07,60.52,3.3,3.5,6.33,Pass,No
525,Female,23,68.99,75.73,64.32,60.88,69.01,38.07,74.1,2.1,6.0,8.92,Pass,Yes
526,Male,24,85.99,87.48,79.14,93.73,42.59,37.49,53.84,2.4,4.5,6.71,Pass,No
527,Male,24,81.45,90.77,83.42,98.0,43.39,80.36,51.08,6.5,2.2,7.62,Pass,No
528,Female,19,62.41,50.55,81.65,66.61,69.9,89.82,70.48,2.2,4.5,9.37,Pass,No
529,Female,24,61.96,80.33,63.44,59.26,95.88,47.99,64.87,1.2,4.0,9.2,Pass,Yes
530,Female,19,58.94,52.33,62.28,71.57,55.04,31.46,70.57,5.4,3.4,9.34,Pass,Yes
531,Male,24,81.41,74.7,64.22,81.27,91.52,45.62,50.07,7.8,1.7,5.62,Pass,Yes
532,Female,18,85.57,62.94,83.42,56.41,84.67,33.96,55.69,3.3,3.5,4.21,Fail,Yes
533,Male,24,65.6,63.8,81.77,84.19,51.11,37.24,35.87,1.8,1.4,5.57,Pass,Yes
534,Male,22,55.84,65.88,69.35,43.1,37.36,60.21,33.66,5.0,1.6,5.67,Pass,Yes
535,Male,20,58.29,77.96,85.51,42.96,41.62,46.09,47.74,7.3,3.5,9.46,Pass,No
536,Female,22,93.71,65.03,92.8,63.18,82.35,66.12,35.2,6.5,2.8,7.9,Pass,No
537,Female,20,66.82,82.97,61.66,61.21,47.98,47.74,37.26,5.4,6.6,4.49,Fail,Yes
538,Male,21,85.77,68.2,79.93,58.94,59.13,95.84,86.9,3.2,3.3,4.81,Fail,Yes
539,Male,22,79.99,53.08,87.57,69.46,67.61,93.42,32.72,4.8,5.5,4.93,Fail,Yes
540,Female,21,70.28,85.27,70.09,59.24,82.16,69.68,76.13,1.6,4.2,7.78,Pass,Yes
541,Male,19,63.23,62.86,72.31,51.54,42.36,54.81,49.08,5.8,5.2,8.41,Pass,Yes
542,Female,19,59.86,69.47,84.55,58.57,61.41,56.68,91.01,6.1,2.6,9.16,Pass,No
543,Male,18,79.6,80.84,95.92,98.49,66.53,58.83,63.95,7.8,6.7,9.64,Pass,No
544,Female,24,85.99,64.96,92.4,64.67,70.15,80.93,51.39,2.8,4.2,5.21,Pass,Yes
545,Male,22,80.76,52.55,83.33,66.68,88.19,61.61,66.23,1.1,6.0,5.86,Pass,Yes
546,Female,21,76.21,66.83,89.21,74.59,46.16,89.97,56.74,4.8,3.2,5.44,Pass,Yes
547,Male,20,56.68,92.5,74.59,99.0,87.51,96.09,69.5,5.9,1.6,6.15,Pass,Yes
548,Female,19,93.74,78.88,85.64,54.5,80.04,53.52,38.02,6.5,5.0,9.49,Pass,No
549,Female,24,86.95,80.22,78.65,80.88,71.13,69.25,99.79,2.4,1.0,7.45,Pass,No
550,Male,19,66.71,78.45,67.6,82.96,80.47,36.65,59.79,2.8,3.9,8.43,Pass,Yes
551,Male,20,94.2,58.95,88.07,76.44,61.78,44.03,54.38,4.6,2.2,6.94,Pass,No
552,Female,24,79.08,68.83,82.26,45.31,44.0,58.94,79.71,3.3,4.8,4.17,Fail,Yes
553,Male,24,78.3,83.79,74.34,80.61,78.27,44.43,55.47,7.0,6.9,4.39,Fail,Yes
554,Female,21,84.92,54.56,96.45,43.85,69.1,91.36,88.33,4.3,3.8,7.23,Pass,No
555,Male,21,87.47,62.5,60.84,75.77,76.56,41.08,61.8,6.6,5.9,8.31,Pass,Yes
556,Female,22,81.26,62.43,72.63,84.37,56.97,61.9,80.37,5.1,4.0,5.29,Pass,Yes
557,Female,22,60.12,69.44,62.28,52.66,93.95,72.4,37.52,6.4,4.0,8.33,Pass,Yes
558,Female,23,68.53,94.12,90.66,90.5,73.18,78.43,89.23,3.3,6.6,8.86,Pass,No
559,Female,23,92.12,53.04,88.08,41.82,40.55,56.81,81.5,6.8,6.3,6.47,Pass,No
560,Female,18,63.98,73.34,73.25,90.63,64.24,90.84,44.82,2.9,5.7,8.48,Pass,Yes
561,Female,19,69.89,58.07,87.03,67.62,84.16,69.78,40.17,4.8,2.8,6.42,Pass,No
562,Male,22,72.28,93.68,75.84,53.06,86.62,60.77,52.14,2.5,4.3,8.07,Pass,No
563,Male,21,72.58,55.1,90.25,48.03,67.15,34.71,98.32,4.3,2.3,8.58,Pass,No
564,Male,20,79.52,68.16,78.17,97.2,93.16,62.53,47.98,3.2,3.7,9.95,Pass,No
565,Female,21,92.72,83.2,76.49,44.36,52.4,87.45,61.93,2.9,3.9,6.07,Pass,No
566,Female,19,64.63,81.7,97.39,51.95,61.69,73.02,32.1,7.8,6.0,6.47,Pass,No
567,Female,23,59.86,69.02,70.04,60.87,93.41,88.25,57.81,2.1,6.4,4.99,Fail,Yes
568,Female,21,62.9,65.59,64.82,77.21,93.26,64.58,69.99,6.5,3.5,5.22,Pass,Yes
569,Male,18,90.48,67.89,83.38,72.69,79.57,38.29,96.72,7.9,1.1,8.16,Pass,No
570,Male,19,80.83,61.89,98.77,47.54,90.83,30.95,66.17,1.1,6.2,9.5,Pass,No
571,Female,23,66.44,59.24,75.11,57.38,40.77,51.23,87.34,5.9,2.0,6.37,Pass,No
572,Male,20,87.64,71.74,62.48,54.33,91.22,78.86,68.3,2.8,4.7,5.08,Pass,Yes
573,Male,23,89.45,62.08,73.57,52.81,55.84,85.32,32.85,1.3,1.1,5.71,Pass,Yes
574,Female,24,88.86,62.94,80.24,64.67,46.59,50.7,52.05,3.8,3.4,6.73,Pass,No
575,Male,18,91.76,79.55,66.48,82.24,50.56,64.7,70.29,7.5,6.9,5.74,Pass,Yes
576,Female,19,65.09,93.58,86.32,53.05,62.17,59.48,96.54,1.1,1.6,5.4,Pass,Yes
577,Male,20,85.2,77.16,99.91,62.0,51.33,58.74,90.14,5.1,3.5,8.42,Pass,No
578,Female,18,73.42,53.46,78.07,63.46,55.84,46.19,45.98,4.5,2.8,4.05,Fail,Yes
579,Female,23,88.68,53.4,74.19,98.59,43.77,39.55,45.41,7.1,6.4,7.24,Pass,Yes
580,Female,18,84.14,92.81,76.03,97.28,54.25,43.77,44.08,1.6,6.2,8.76,Pass,No
581,Female,19,86.06,63.38,64.61,88.01,72.2,33.87,94.57,5.8,2.4,5.6,Pass,Yes
582,Male,22,81.25,54.14,95.33,54.5,63.72,43.87,89.69,5.8,1.5,7.62,Pass,No
583,Female,18,62.1,76.96,76.59,44.08,57.54,30.64,84.24,5.7,4.8,8.01,Pass,No
584,Female,24,76.8,78.06,75.49,59.01,83.52,73.91,57.49,7.6,3.0,7.93,Pass,No
585,Female,18,94.39,79.18,86.39,56.01,93.08,52.15,65.31,6.8,5.0,6.68,Pass,No
586,Male,23,92.5,62.03,77.68,70.36,84.19,98.12,62.5,1.3,1.2,6.08,Pass,No
587,Female,23,56.73,50.68,85.93,86.66,56.58,43.56,47.74,4.3,1.8,9.02,Pass,No
588,Male,20,61.59,93.43,62.46,91.5,83.39,54.21,65.35,3.8,5.1,8.55,Pass,Yes
589,Female,23,60.27,61.29,92.55,90.69,44.88,55.05,32.13,3.2,2.3,5.93,Pass,Yes
590,Male,21,84.04,80.42,97.62,61.58,43.47,30.59,39.23,4.2,6.1,4.62,Fail,Yes
591,Male,19,87.71,81.8,85.95,81.23,57.47,88.74,92.06,3.7,1.4,4.43,Fail,Yes
592,Female,19,63.54,77.45,98.18,58.77,87.5,32.24,82.62,4.0,2.3,4.57,Fail,Yes
593,Male,22,75.23,64.08,66.06,43.65,51.01,95.81,59.6,7.9,7.0,7.5,Pass,Yes
594,Female,22,88.63,62.2,79.1,82.09,39.11,92.45,66.2,1.6,3.6,4.31,Fail,Yes
595,Female,19,84.31,76.9,84.07,40.59,43.56,67.49,55.9,7.5,5.2,6.02,Pass,No
596,Female,24,76.69,88.97,83.27,64.55,90.82,68.05,81.85,4.4,2.1,8.52,Pass,No
597,Male,22,78.61,92.6,76.06,59.76,76.2,75.76,84.89,5.4,4.7,5.77,Pass,Yes
598,Male,20,75.33,54.77,73.52,81.6,51.46,57.09,83.43,6.8,5.4,8.58,Pass,Yes
599,Female,23,66.9,56.97,65.07,85.97,71.09,75.31,80.58,3.5,2.9,8.47,Pass,Yes
600,Female,19,77.6,92.51,75.67,58.25,69.29,33.13,44.32,4.0,6.0,5.47,Pass,Yes
601,Male,22,82.56,83.14,66.51,88.7,77.6,33.78,53.66,3.9,4.6,8.37,Pass,Yes
602,Female,19,89.93,89.73,89.37,57.64,50.16,62.01,62.89,3.6,3.3,8.49,Pass,No
603,Female,21,80.45,59.12,68.35,66.78,91.19,68.47,53.16,7.5,4.3,6.38,Pass,Yes
604,Female,18,85.44,76.44,62.34,83.62,55.11,92.15,82.85,6.8,4.5,5.26,Pass,Yes
605,Male,23,61.4,81.55,82.09,81.58,80.12,37.33,53.05,1.8,2.0,7.13,Pass,No
606,Male,19,73.46,80.61,83.81,99.24,36.05,87.59,39.68,1.8,3.4,9.53,Pass,No
607,Male,18,55.37,68.37,94.88,53.51,59.22,44.7,57.93,4.0,3.1,7.84,Pass,No
608,Female,22,64.87,50.69,83.08,79.74,57.86,57.59,98.59,1.7,3.4,5.04,Pass,Yes
609,Female,18,84.06,76.23,73.82,76.58,70.33,52.16,45.81,5.3,5.6,8.1,Pass,Yes
610,Female,23,94.67,61.39,92.12,94.91,39.73,58.01,72.85,2.0,3.9,6.56,Pass,No
611,Male,19,58.97,70.26,81.61,49.38,86.36,40.53,60.31,4.7,6.6,7.55,Pass,No
612,Female,21,71.06,93.09,63.17,85.11,49.16,65.25,34.97,1.1,2.8,8.4,Pass,Yes
613,Female,24,87.0,67.96,82.63,74.1,79.01,86.11,64.15,3.2,3.5,7.09,Pass,No
614,Female,22,63.16,87.79,96.32,56.48,87.21,60.91,79.15,5.7,5.7,8.88,Pass,No
615,Female,19,77.2,58.48,75.85,68.47,71.52,64.34,65.93,4.4,4.3,8.33,Pass,No
616,Male,23,84.32,80.26,71.85,60.03,83.16,89.41,91.05,7.8,4.3,7.69,Pass,Yes
617,Male,22,79.64,93.97,65.74,74.76,78.02,79.42,50.23,7.1,1.3,4.9,Fail,Yes
618,Female,20,62.52,54.59,66.06,93.34,58.11,64.33,36.04,3.5,3.4,9.02,Pass,Yes
619,Male,18,69.22,50.37,77.31,74.16,87.58,48.04,95.56,1.3,2.6,9.62,Pass,No
620,Male,24,86.35,69.51,83.83,77.9,54.16,91.94,56.47,6.9,7.0,4.82,Fail,Yes
621,Female,23,77.17,54.17,63.22,71.12,72.13,70.39,70.35,7.4,2.9,6.93,Pass,Yes
622,Female,20,55.21,83.68,97.58,43.07,83.45,45.48,85.44,6.7,6.3,5.55,Pass,Yes
623,Male,19,85.44,91.15,90.21,53.97,59.63,48.84,52.7,1.9,5.1,8.53,Pass,No
624,Female,21,56.41,69.53,83.46,69.52,54.68,86.22,80.13,8.0,3.0,8.33,Pass,No
625,Male,22,84.83,61.64,93.14,58.61,64.86,33.09,39.48,2.8,4.3,4.85,Fail,Yes
626,Female,18,63.1,69.55,63.21,50.91,88.17,99.45,50.39,6.1,6.0,9.26,Pass,Yes
627,Male,22,93.32,82.56,79.07,70.25,95.44,39.12,40.13,7.4,6.3,5.09,Pass,Yes
628,Female,24,69.72,50.41,85.2,59.37,70.43,85.72,86.79,2.6,2.0,8.78,Pass,No
629,Male,19,68.08,76.53,93.15,55.49,78.0,57.63,45.59,7.4,3.0,6.74,Pass,No
630,Male,22,60.96,77.6,91.34,67.84,93.71,64.46,80.22,3.2,3.0,5.97,Pass,Yes
631,Male,18,67.22,78.7,71.08,48.0,41.41,91.65,96.03,7.8,1.3,4.95,Fail,Yes
632,Female,19,90.07,60.89,97.64,95.66,50.09,58.9,66.94,3.0,4.6,5.01,Pass,Yes
633,Male,22,94.85,82.13,64.97,92.06,81.08,67.62,67.8,7.7,6.1,7.97,Pass,Yes
634,Male,21,69.73,54.11,95.01,82.46,88.54,33.45,62.27,1.4,3.3,7.3,Pass,No
635,Female,23,72.94,58.97,98.84,46.37,90.71,30.16,52.81,6.0,5.4,4.73,Fail,Yes
636,Female,19,83.88,89.49,67.09,86.55,61.98,47.14,63.3,4.7,4.8,4.68,Fail,Yes
637,Male,23,90.45,83.24,88.88,88.48,40.81,77.64,72.2,4.3,3.3,4.43,Fail,Yes
638,Male,19,78.72,50.62,61.61,86.07,63.46,38.49,99.02,2.6,1.8,8.46,Pass,Yes
639,Female,21,70.66,61.18,76.22,46.84,50.0,37.96,95.64,5.9,5.3,8.27,Pass,No
640,Female,23,71.5,59.65,80.65,78.63,53.93,58.77,90.35,2.3,6.1,4.35,Fail,Yes
641,Female,20,82.82,62.19,83.23,90.06,85.2,75.35,92.24,4.9,5.1,7.36,Pass,No
642,Female,18,55.13,61.14,97.44,74.64,39.91,79.85,62.75,2.8,1.1,4.51,Fail,Yes
643,Female,20,79.78,52.81,86.89,78.78,88.79,42.49,76.02,7.7,2.3,9.42,Pass,No
644,Male,22,69.22,70.65,79.25,67.5,62.8,35.57,92.65,1.2,1.4,9.44,Pass,No
645,Female,21,86.77,82.97,92.39,71.72,73.74,95.83,57.51,2.4,4.4,8.19,Pass,No
646,Male,20,58.72,77.3,98.02,42.06,40.83,48.25,97.32,2.7,5.5,9.56,Pass,No
647,Male,19,78.53,80.28,60.88,78.34,56.93,89.73,59.11,3.9,1.7,8.87,Pass,Yes
648,Male,22,74.24,53.65,99.3,44.89,40.83,90.44,72.08,2.6,6.0,8.97,Pass,No
649,Female,22,80.69,92.82,63.45,66.1,97.5,84.08,79.69,4.4,4.3,7.42,Pass,Yes
650,Male,20,57.59,87.73,92.58,57.56,87.47,41.82,96.54,7.1,5.1,5.84,Pass,Yes
651,Male,20,78.2,86.23,71.21,72.73,64.88,87.53,47.12,6.0,6.8,5.31,Pass,Yes
652,Female,21,77.46,87.03,65.29,48.0,49.53,83.85,82.23,5.1,1.5,5.96,Pass,Yes
653,Male,18,77.43,91.97,77.59,81.5,95.67,71.77,66.46,1.6,6.4,7.77,Pass,No
654,Male,20,79.14,74.49,85.76,87.7,57.4,53.6,48.8,5.9,1.8,5.04,Pass,Yes
655,Female,24,82.06,59.01,75.24,49.8,45.46,48.38,84.36,2.2,3.4,5.55,Pass,Yes
656,Male,20,87.2,77.76,62.18,46.26,71.61,38.53,68.66,6.5,6.1,6.81,Pass,Yes
657,Male,23,65.79,83.43,83.98,48.73,96.35,65.68,76.27,2.8,6.4,5.4,Pass,Yes
658,Male,19,88.0,83.21,96.1,92.63,35.25,70.97,52.6,3.9,4.0,7.53,Pass,No
659,Female,24,74.93,73.47,75.33,71.69,50.48,55.15,63.69,3.5,4.6,9.54,Pass,No
660,Female,24,58.08,53.08,68.65,68.04,96.0,63.28,73.21,7.0,5.2,8.49,Pass,Yes
661,Female,23,57.34,66.7,77.7,46.4,46.12,55.45,58.34,1.9,6.0,8.0,Pass,No
662,Male,23,68.37,91.43,61.93,78.97,42.36,74.87,43.89,5.0,1.7,7.5,Pass,Yes
663,Male,22,86.4,76.3,92.82,92.08,72.06,93.09,97.31,2.0,5.9,6.93,Pass,No
664,Female,18,83.31,74.22,93.05,89.69,91.02,41.47,65.8,5.9,3.9,5.12,Pass,Yes
665,Male,19,86.54,62.1,83.52,77.56,66.01,56.7,81.37,7.3,3.7,9.37,Pass,No
666,Male,21,75.69,66.58,74.12,44.52,99.65,39.86,58.77,4.0,3.5,5.49,Pass,Yes
667,Female,24,72.61,90.29,91.99,46.74,79.15,73.75,54.86,4.4,4.1,4.55,Fail,Yes
668,Female,21,60.9,79.99,82.19,42.96,39.81,81.02,58.5,7.5,6.7,8.5,Pass,No
669,Male,20,68.13,85.43,93.04,55.45,99.53,95.23,58.64,4.6,4.3,5.05,Pass,Yes
670,Male,20,72.36,70.45,85.26,48.14,61.51,49.52,68.09,4.4,6.7,6.23,Pass,No
671,Male,21,58.54,78.36,91.38,55.6,53.68,96.51,68.04,5.0,2.1,4.17,Fail,Yes
672,Female,20,63.82,61.18,83.94,63.1,71.26,34.43,64.8,5.8,5.3,4.82,Fail,Yes
673,Female,18,78.93,81.75,76.57,96.58,54.78,72.21,39.44,1.7,5.9,5.04,Pass,Yes
674,Female,23,84.43,69.24,98.32,76.62,40.62,34.0,64.73,6.7,5.1,4.33,Fail,Yes
675,Female,20,94.93,69.91,81.64,90.1,35.09,92.56,41.84,4.0,4.6,7.94,Pass,No
676,Male,22,92.32,79.22,84.2,82.62,64.22,67.09,38.83,1.5,4.4,9.02,Pass,No
677,Female,20,80.7,92.13,68.82,46.75,89.4,76.85,95.29,6.5,6.2,6.24,Pass,Yes
678,Female,19,71.85,52.88,85.03,84.16,72.2,88.21,72.35,3.6,5.9,9.25,Pass,No
679,Female,18,80.45,87.11,82.86,56.51,99.95,40.52,76.16,1.7,1.7,5.28,Pass,Yes
680,Female,19,86.43,63.16,67.39,78.35,53.65,32.7,58.13,5.4,6.1,5.95,Pass,Yes
681,Female,19,59.73,69.98,62.38,60.46,53.23,91.52,93.63,7.2,3.5,4.9,Fail,Yes
682,Male,22,71.4,50.99,84.17,99.86,45.38,52.05,74.66,7.2,2.5,7.72,Pass,No
683,Male,18,88.59,63.55,90.55,55.81,45.66,39.03,83.84,7.7,6.2,6.52,Pass,No
684,Female,18,70.35,72.62,80.94,56.75,53.54,62.79,55.8,7.1,3.6,7.68,Pass,No
685,Male,18,77.87,52.53,69.07,95.84,86.53,71.88,97.2,1.0,5.9,8.57,Pass,Yes
686,Female,18,78.51,72.1,86.66,41.48,93.87,32.17,87.43,3.7,2.6,7.27,Pass,No
687,Female,18,62.38,91.72,63.2,81.8,98.38,49.24,89.78,6.7,1.0,7.77,Pass,Yes
688,Male,22,69.49,54.74,77.67,83.52,50.1,32.3,42.05,3.6,4.0,9.61,Pass,No
689,Male,20,68.38,84.4,66.53,90.18,92.28,59.42,48.97,5.2,1.6,5.79,Pass,Yes
690,Female,19,56.05,68.44,67.38,98.47,56.34,92.66,49.99,5.2,5.5,6.15,Pass,Yes
691,Female,18,55.97,79.48,68.09,98.54,42.33,98.79,48.96,3.6,2.7,8.31,Pass,Yes
692,Female,24,88.27,61.71,75.47,43.92,91.55,74.59,89.88,7.3,3.7,7.67,Pass,No
693,Male,20,65.92,57.18,62.05,89.31,76.35,41.31,32.23,4.5,1.5,5.07,Pass,Yes
694,Female,20,75.72,57.22,75.91,78.78,45.71,93.41,35.33,4.3,2.7,6.26,Pass,No
695,Female,19,66.95,53.17,80.47,78.84,62.94,66.14,49.17,8.0,5.7,6.81,Pass,No
696,Female,22,92.63,58.35,79.33,47.7,53.67,40.76,43.99,4.5,1.9,6.52,Pass,No
697,Male,21,65.37,79.89,75.31,79.01,82.89,94.52,46.23,2.2,4.9,5.07,Pass,Yes
698,Female,21,72.19,89.68,93.57,98.95,64.47,83.02,85.86,4.6,6.5,9.55,Pass,No
699,Female,20,89.91,86.64,65.81,94.71,99.3,81.22,69.42,6.7,5.1,8.57,Pass,Yes
700,Male,23,88.68,80.83,80.23,66.35,38.56,79.64,30.4,6.4,5.9,6.89,Pass,No
701,Female,23,62.44,54.97,62.48,42.4,58.08,44.02,60.05,6.5,1.7,8.08,Pass,Yes
702,Female,19,87.11,63.01,62.85,61.74,66.32,44.77,58.55,6.0,2.5,9.38,Pass,Yes
703,Male,21,73.33,63.94,82.95,89.58,67.7,78.18,37.98,2.8,6.4,4.82,Fail,Yes
704,Female,20,74.32,61.25,82.64,82.09,55.54,45.38,77.33,7.0,5.3,5.5,Pass,Yes
705,Male,22,60.34,73.18,95.12,67.56,82.4,60.71,79.15,7.3,4.8,7.26,Pass,No
706,Male,21,58.22,74.1,82.31,43.31,91.86,84.74,80.46,2.4,5.0,8.79,Pass,No
707,Female,20,84.12,66.06,98.39,65.61,96.02,84.88,80.99,1.9,3.5,4.22,Fail,Yes
708,Female,20,74.86,65.92,61.95,68.14,87.33,61.73,30.0,7.8,1.3,9.9,Pass,Yes
709,Female,18,72.47,87.29,63.92,95.71,90.29,85.45,96.77,7.1,5.7,6.73,Pass,Yes
710,Female,22,84.18,85.52,61.76,78.47,70.79,88.7,86.99,7.3,5.1,6.16,Pass,Yes
711,Male,18,85.62,63.85,67.41,58.7,88.68,75.83,93.28,7.2,3.8,5.76,Pass,Yes
712,Female,19,61.36,91.12,81.65,71.52,54.73,45.99,31.1,4.8,6.4,5.05,Pass,Yes
713,Male,18,79.41,92.88,85.82,43.96,60.9,49.18,95.37,5.5,3.0,8.75,Pass,No
714,Female,24,60.41,64.7,61.82,98.35,55.6,52.04,86.69,4.8,2.8,9.73,Pass,Yes
715,Female,18,85.06,65.95,97.84,61.6,65.38,38.18,88.61,1.4,6.2,6.48,Pass,No
716,Female,24,81.28,72.75,93.69,68.67,53.56,49.12,36.53,6.2,5.8,9.71,Pass,No
717,Male,21,93.26,92.35,71.86,61.32,97.5,44.67,81.71,4.5,4.1,8.94,Pass,Yes
718,Female,23,57.76,89.43,63.09,80.95,55.33,61.87,97.19,5.5,1.8,6.89,Pass,Yes
719,Female,20,57.28,54.62,66.8,79.73,41.37,93.59,77.5,4.5,2.3,8.04,Pass,Yes
720,Female,24,66.29,67.67,65.08,82.92,69.24,37.31,69.94,4.4,4.9,6.61,Pass,Yes
721,Female,22,65.47,74.9,64.93,56.09,38.71,80.42,96.19,2.2,3.3,7.35,Pass,Yes
722,Male,18,64.88,72.64,80.74,58.94,42.19,78.11,61.01,3.0,6.0,4.35,Fail,Yes
723,Female,24,91.25,58.72,69.83,47.52,49.26,36.7,71.95,2.1,6.7,8.18,Pass,Yes
724,Male,22,64.98,88.65,74.33,79.33,65.18,94.58,63.34,2.4,5.8,4.32,Fail,Yes
725,Male,23,65.88,80.46,99.58,42.39,63.16,69.79,95.3,7.8,3.3,8.9,Pass,No
726,Male,23,85.38,87.71,87.37,75.86,86.98,55.46,35.33,2.1,5.7,8.95,Pass,No
727,Male,18,72.99,88.64,97.96,92.18,83.07,82.96,65.08,2.9,3.1,5.42,Pass,Yes
728,Male,19,86.07,83.68,65.7,93.45,62.71,48.02,78.09,5.1,2.0,5.94,Pass,Yes
729,Male,18,57.61,69.76,75.29,66.94,56.69,78.55,85.43,5.3,1.2,6.89,Pass,No
730,Female,21,74.5,77.47,82.19,67.56,55.57,32.78,70.81,2.1,3.3,7.58,Pass,No
731,Male,24,56.34,57.22,63.07,44.62,85.31,88.76,93.62,6.6,6.4,5.72,Pass,Yes
732,Male,20,57.51,80.31,60.17,80.25,38.38,61.37,95.94,6.5,2.4,7.55,Pass,Yes
733,Male,19,91.26,58.07,86.82,89.28,35.83,74.57,34.5,2.7,2.2,5.79,Pass,Yes
734,Female,18,60.57,81.23,85.67,54.68,86.71,45.49,58.17,3.0,6.8,4.33,Fail,Yes
735,Female,22,76.3,60.33,76.43,65.28,66.01,77.4,31.64,7.6,1.2,4.02,Fail,Yes
736,Male,19,71.44,55.29,79.59,90.33,43.51,84.06,53.06,6.8,5.7,4.61,Fail,Yes
737,Female,24,68.89,57.44,76.62,92.63,50.31,63.12,67.58,5.9,2.9,8.75,Pass,No
738,Male,19,90.99,50.09,60.96,54.59,95.61,73.24,93.76,1.6,1.2,9.77,Pass,Yes
739,Male,24,55.87,82.34,73.41,73.03,90.87,61.94,89.26,3.9,6.5,6.56,Pass,Yes
740,Female,18,81.55,82.96,67.08,51.55,81.14,92.59,38.92,4.9,1.8,7.08,Pass,Yes
741,Male,24,93.54,73.17,63.94,46.11,66.34,64.85,36.51,2.3,4.3,4.88,Fail,Yes
742,Female,19,77.41,57.26,98.27,94.67,68.82,88.93,71.25,4.1,2.6,7.31,Pass,No
743,Female,22,92.47,53.76,83.97,89.23,98.39,86.09,67.25,5.2,1.4,4.87,Fail,Yes
744,Male,23,57.09,50.86,89.15,85.6,97.78,58.74,48.65,3.3,1.3,7.67,Pass,No
745,Male,19,71.75,57.46,72.61,42.93,48.99,46.11,92.96,6.5,1.7,9.6,Pass,Yes
746,Female,24,65.41,90.09,75.73,90.62,87.72,58.43,94.92,6.9,1.4,5.17,Pass,Yes
747,Male,23,84.23,60.87,69.48,66.28,47.82,87.84,58.18,3.3,5.6,8.59,Pass,Yes
748,Male,24,94.25,65.94,63.88,60.54,48.88,45.93,92.32,6.9,3.9,4.14,Fail,Yes
749,Male,22,65.26,54.74,67.16,72.79,78.95,66.71,56.88,1.7,3.1,6.25,Pass,Yes
750,Female,24,81.17,60.01,91.9,45.48,61.33,86.43,81.58,6.9,3.5,4.66,Fail,Yes
751,Female,18,62.92,73.37,87.1,85.4,95.55,54.74,63.32,2.1,6.6,6.11,Pass,No
752,Male,20,77.61,77.35,81.88,74.95,40.79,74.95,38.58,1.6,6.5,5.04,Pass,Yes
753,Female,19,73.56,61.04,79.0,51.2,68.25,47.19,94.96,5.5,5.3,6.24,Pass,No
754,Female,20,93.88,52.6,96.9,51.29,94.7,37.65,61.79,4.3,6.3,6.51,Pass,No
755,Female,24,79.34,67.6,62.91,51.05,93.77,85.61,81.41,7.4,2.9,5.8,Pass,Yes
756,Female,22,68.98,60.54,71.22,43.42,45.17,36.93,55.7,3.5,3.3,7.94,Pass,Yes
757,Female,19,59.56,59.88,74.0,75.27,58.83,49.0,31.32,3.0,4.7,9.51,Pass,Yes
758,Male,24,61.05,93.19,91.3,90.42,75.24,89.86,37.04,4.5,4.7,6.4,Pass,No
759,Male,23,64.01,77.73,99.7,41.05,45.36,54.25,64.74,4.2,3.9,5.15,Pass,Yes
760,Male,21,65.04,75.06,69.63,42.94,97.92,98.11,78.3,3.4,3.4,5.62,Pass,Yes
761,Female,24,89.02,68.71,94.97,74.37,94.46,98.58,53.43,5.9,6.9,9.12,Pass,No
762,Female,20,77.45,69.3,93.22,89.17,45.85,48.78,78.68,6.3,5.9,7.43,Pass,No
763,Male,19,75.94,74.34,68.99,59.6,42.88,32.87,78.9,7.0,3.6,6.73,Pass,Yes
764,Female,20,59.59,81.34,75.97,60.98,40.55,79.35,79.28,7.8,5.4,4.9,Fail,Yes
765,Male,19,89.41,81.6,76.39,75.78,94.11,61.57,64.48,2.9,2.6,6.7,Pass,No
766,Male,24,83.91,57.73,99.13,56.45,47.59,37.05,94.04,6.0,1.6,5.67,Pass,Yes
767,Male,18,57.71,72.51,67.24,41.6,62.06,79.53,64.24,3.8,3.1,9.66,Pass,Yes
768,Female,23,83.31,68.54,91.97,84.11,64.18,32.18,61.52,5.7,3.4,9.3,Pass,No
769,Female,24,76.74,89.17,73.37,77.54,73.94,90.91,43.96,4.3,1.1,4.5,Fail,Yes
770,Male,20,58.27,78.41,89.23,74.85,39.66,39.71,51.54,8.0,5.9,7.1,Pass,No
771,Male,21,73.33,73.96,76.8,84.5,49.74,38.91,32.96,6.1,3.2,5.35,Pass,Yes
772,Male,21,74.39,55.19,83.13,80.51,95.55,42.3,74.35,7.7,4.5,6.46,Pass,No
773,Male,22,61.63,77.25,93.3,52.35,94.05,97.22,47.4,6.8,1.4,9.26,Pass,No
774,Female,19,92.83,55.27,92.17,61.15,85.78,78.52,51.29,7.3,2.0,7.17,Pass,No
775,Female,20,89.0,65.17,94.66,47.57,36.26,86.1,83.96,6.7,6.3,6.01,Pass,No
776,Male,22,81.76,56.43,62.38,47.79,56.26,57.83,52.91,4.2,4.7,5.25,Pass,Yes
777,Male,20,73.49,81.14,87.68,80.57,75.82,53.54,46.95,2.8,6.7,8.8,Pass,No
778,Female,19,71.47,59.28,65.6,91.52,52.89,46.41,41.83,3.6,7.0,7.75,Pass,Yes
779,Female,24,81.04,67.63,76.63,97.76,94.12,63.65,84.24,1.1,3.2,6.81,Pass,No
780,Male,24,76.82,90.31,81.94,77.7,76.2,68.63,39.08,4.7,2.8,5.3,Pass,Yes
781,Male,21,57.49,59.19,76.11,51.05,39.67,74.22,61.76,4.5,6.2,6.01,Pass,No
782,Male,24,75.5,72.85,80.78,46.34,94.09,48.0,65.49,4.7,7.0,9.76,Pass,No
783,Female,24,87.26,68.87,99.86,88.77,97.25,96.41,78.12,7.8,4.8,7.12,Pass,No
784,Female,18,73.37,50.82,65.41,74.73,40.05,41.88,74.33,7.4,5.8,6.4,Pass,Yes
785,Female,21,57.08,85.67,87.02,77.1,69.6,97.6,86.75,2.1,5.7,7.13,Pass,No
786,Male,22,86.45,53.11,75.84,86.89,54.72,31.04,33.13,3.6,3.1,8.67,Pass,No
787,Male,23,63.05,71.34,65.32,82.2,60.53,63.68,50.75,4.0,4.4,6.04,Pass,Yes
788,Female,18,65.34,75.23,66.35,90.07,46.68,53.34,49.61,3.5,6.0,5.07,Pass,Yes
789,Female,22,61.59,78.28,97.97,43.37,72.57,61.44,40.22,6.6,5.1,7.51,Pass,No
790,Male,19,68.21,80.99,95.18,84.85,97.27,69.95,50.24,4.7,1.1,7.99,Pass,No
791,Female,18,85.27,61.4,96.28,91.05,67.7,60.49,51.68,5.0,3.0,8.28,Pass,No
792,Female,22,75.78,50.45,99.66,57.17,40.39,59.04,66.53,7.0,1.9,9.29,Pass,No
793,Male,19,63.2,82.55,68.33,78.43,75.3,81.29,76.46,6.6,2.4,6.23,Pass,Yes
794,Female,21,90.11,74.1,74.22,58.85,57.11,78.01,56.68,1.9,6.4,4.45,Fail,Yes
795,Male,23,90.18,87.63,86.77,97.48,90.64,88.33,80.36,6.0,1.2,9.75,Pass,No
796,Male,19,89.82,86.96,79.35,42.01,63.25,47.5,53.53,4.0,2.3,6.61,Pass,No
797,Male,24,64.55,87.95,76.74,74.79,47.53,72.67,50.32,3.1,2.9,7.74,Pass,No
798,Male,20,73.05,71.83,74.31,49.99,47.42,70.96,67.88,1.4,4.7,8.0,Pass,Yes
799,Male,19,94.4,65.01,83.75,82.73,84.97,55.88,31.66,4.4,4.2,7.28,Pass,No
800,Male,19,85.88,85.62,83.02,50.55,52.26,64.02,35.59,3.5,2.3,5.23,Pass,Yes
801,Male,23,56.09,70.31,66.46,54.12,84.87,51.96,59.26,2.8,2.0,8.53,Pass,Yes
802,Female,20,57.61,58.25,78.87,69.66,48.38,39.93,96.0,5.9,2.4,8.82,Pass,No
803,Male,24,73.56,88.47,82.14,94.89,55.91,44.97,80.51,6.4,4.0,7.32,Pass,No
804,Male,22,91.37,89.72,82.81,52.7,65.26,37.39,36.17,2.7,2.6,6.93,Pass,No
805,Female,22,76.55,70.98,68.4,48.65,96.31,77.81,89.24,1.3,6.7,4.68,Fail,Yes
806,Female,19,74.91,53.41,89.69,85.54,95.56,76.25,81.26,6.9,3.8,4.5,Fail,Yes
807,Female,20,59.22,67.45,61.01,70.04,48.45,96.54,72.77,1.1,1.4,6.04,Pass,Yes
808,Male,20,81.27,86.16,74.19,94.71,58.28,81.08,87.42,7.6,5.4,5.87,Pass,Yes
809,Female,24,87.88,90.58,91.21,48.8,44.71,33.64,58.29,5.4,3.0,9.72,Pass,No
810,Male,23,70.22,59.16,82.56,78.76,68.15,91.9,45.51,3.3,4.9,8.7,Pass,No
811,Male,21,86.02,53.01,70.45,53.97,64.94,90.39,65.84,2.7,2.7,7.96,Pass,Yes
812,Male,22,93.58,89.48,87.8,49.41,93.55,61.03,68.42,1.1,4.4,7.11,Pass,No
813,Male,23,63.15,67.52,82.7,81.01,95.45,71.01,67.68,2.6,5.6,5.0,Pass,Yes
814,Female,18,75.93,74.38,91.85,75.62,59.93,98.33,69.56,2.0,6.6,9.87,Pass,No
815,Female,22,66.49,93.56,89.4,85.29,66.96,67.26,96.41,5.3,2.6,6.25,Pass,No
816,Male,23,86.71,53.0,84.4,58.57,93.26,93.37,93.16,2.2,3.0,4.64,Fail,Yes
817,Male,22,78.1,79.17,79.53,66.88,87.44,35.81,91.3,4.7,3.8,6.96,Pass,No
818,Male,21,80.38,53.33,65.33,64.33,35.24,43.37,86.1,5.1,6.6,9.24,Pass,Yes
819,Female,18,86.92,66.9,70.45,99.05,55.8,60.85,96.04,3.1,6.4,9.32,Pass,Yes
820,Male,21,70.84,86.17,76.76,57.53,62.42,70.93,36.89,1.2,1.5,4.07,Fail,Yes
821,Male,24,91.6,69.51,83.97,57.69,49.93,87.14,48.56,1.3,1.8,9.32,Pass,No
822,Female,18,76.32,94.87,80.55,61.27,47.97,99.18,64.65,1.2,4.0,5.63,Pass,Yes
823,Female,19,61.32,75.16,71.53,73.88,37.46,57.22,89.26,6.2,1.6,4.23,Fail,Yes
824,Male,23,82.84,64.45,60.26,55.14,76.82,33.32,65.36,3.2,3.1,9.09,Pass,Yes
825,Female,18,86.73,59.91,79.85,94.92,52.06,86.08,82.36,6.6,1.9,9.18,Pass,No
826,Female,24,67.67,65.77,71.43,55.94,38.4,72.31,39.73,4.0,4.8,7.58,Pass,Yes
827,Male,24,89.29,66.76,89.38,93.75,50.01,43.9,47.67,4.2,6.7,7.45,Pass,No
828,Female,21,91.25,53.09,60.96,46.21,87.12,64.64,81.22,4.6,7.0,8.88,Pass,Yes
829,Male,22,66.08,66.63,83.39,79.39,90.35,81.96,41.53,6.0,3.3,8.72,Pass,No
830,Female,18,94.34,70.89,97.66,94.42,66.4,83.93,54.59,2.9,4.6,9.34,Pass,No
831,Male,23,60.63,82.52,66.98,50.12,62.04,64.97,48.54,1.9,6.1,7.32,Pass,Yes
832,Male,18,63.08,79.55,78.87,98.1,98.56,51.37,54.49,4.9,1.7,9.81,Pass,No
833,Male,20,62.37,81.89,63.66,67.17,48.04,98.16,79.58,3.3,5.1,9.98,Pass,Yes
834,Female,22,90.76,50.38,85.03,96.74,49.0,76.44,55.75,4.1,3.5,4.7,Fail,Yes
835,Male,23,81.17,59.8,82.02,80.61,53.97,58.58,68.87,5.5,2.2,9.1,Pass,No
836,Female,23,61.08,79.78,76.29,58.1,46.23,49.63,37.0,4.5,3.4,7.0,Pass,No
837,Male,19,72.61,71.78,80.86,51.3,59.66,81.18,86.35,5.3,1.5,6.33,Pass,No
838,Male,21,79.61,50.24,95.86,58.22,94.2,46.95,55.89,4.8,5.2,7.68,Pass,No
839,Female,19,58.34,86.2,67.85,45.58,75.0,42.02,75.4,6.2,2.5,4.34,Fail,Yes
840,Male,23,90.3,84.78,60.9,48.63,61.78,67.09,80.78,5.9,2.9,7.04,Pass,Yes
841,Male,22,87.14,74.68,94.47,46.28,95.74,50.3,44.68,4.7,1.7,9.23,Pass,No
842,Female,18,75.21,52.99,83.08,65.38,38.15,74.02,91.93,5.8,6.2,5.28,Pass,Yes
843,Male,18,93.69,84.49,95.63,87.73,48.67,38.26,73.14,7.1,4.0,6.56,Pass,No
844,Male,22,71.71,76.27,83.88,48.48,71.78,75.85,60.01,4.0,4.4,9.64,Pass,No
845,Male,23,94.36,85.19,92.41,47.82,75.01,49.83,42.76,3.9,4.4,6.57,Pass,No
846,Male,24,81.72,83.83,77.19,78.61,37.57,30.02,95.96,6.3,3.5,6.15,Pass,No
847,Female,18,80.39,86.14,89.99,51.83,61.2,38.89,82.85,5.1,2.2,6.64,Pass,No
848,Female,24,61.64,73.31,96.52,45.86,77.2,95.35,44.56,1.5,5.5,7.12,Pass,No
849,Male,18,90.28,56.31,82.88,50.01,80.37,90.71,53.64,7.2,1.8,7.79,Pass,No
850,Female,18,72.1,80.2,67.23,95.42,76.48,46.35,86.68,1.2,1.6,8.8,Pass,Yes
851,Male,21,61.49,77.92,70.75,89.29,55.84,84.49,78.7,6.2,5.3,6.71,Pass,Yes
852,Female,21,55.5,83.4,67.95,61.24,41.08,72.6,83.6,6.3,2.3,8.9,Pass,Yes
853,Male,20,77.39,57.64,69.87,79.35,62.76,97.96,60.88,7.7,2.8,7.2,Pass,Yes
854,Male,19,76.1,58.77,72.26,72.24,43.37,56.15,80.15,1.4,3.9,6.03,Pass,Yes
855,Male,22,83.77,90.07,82.21,80.63,96.6,77.7,57.05,5.2,3.7,7.95,Pass,No
856,Male,22,90.61,83.75,83.52,80.96,65.89,34.45,44.79,4.0,5.3,8.31,Pass,No
857,Male,22,58.18,90.87,77.06,77.72,55.62,57.74,74.29,3.3,4.7,7.35,Pass,No
858,Male,20,84.26,84.14,84.62,55.97,84.81,97.47,98.32,1.6,4.9,4.34,Fail,Yes
859,Female,21,62.5,76.87,63.26,42.34,67.37,67.73,51.74,4.9,5.3,5.02,Pass,Yes
860,Male,23,89.33,79.44,63.51,67.33,55.15,50.15,62.27,4.4,2.8,5.71,Pass,Yes
861,Female,24,87.76,90.01,66.87,93.46,87.78,38.42,77.18,1.7,2.9,5.7,Pass,Yes
862,Male,24,76.63,76.05,80.72,74.17,91.36,79.25,67.91,5.3,3.6,8.04,Pass,No
863,Female,23,83.41,78.46,68.56,89.94,78.75,75.14,89.04,6.2,2.8,4.11,Fail,Yes
864,Female,20,67.57,57.04,71.33,99.5,38.05,56.18,83.32,6.4,6.9,8.53,Pass,Yes
865,Female,23,73.85,71.33,76.01,49.82,71.81,96.57,34.08,7.3,5.9,5.59,Pass,Yes
866,Male,22,87.87,82.24,92.47,81.51,84.61,31.55,99.89,3.9,2.0,5.86,Pass,Yes
867,Male,19,73.37,62.19,60.55,80.46,43.87,51.26,82.67,7.7,1.0,7.17,Pass,Yes
868,Female,18,69.31,59.1,85.98,98.8,49.86,94.47,90.47,7.1,1.3,5.3,Pass,Yes
869,Male,24,74.77,64.12,86.76,99.14,92.36,52.47,75.58,3.1,2.5,9.31,Pass,No
870,Female,21,88.13,60.87,91.95,81.2,36.31,47.66,89.94,2.1,1.7,4.51,Fail,Yes
871,Male,21,68.41,59.67,97.31,54.62,83.93,67.4,37.87,4.0,4.2,6.67,Pass,No
872,Female,20,61.95,69.12,60.81,87.91,65.8,87.67,54.34,3.8,6.1,9.1,Pass,Yes
873,Female,21,83.48,90.85,66.15,46.42,64.04,37.22,91.35,5.0,5.4,7.7,Pass,Yes
874,Male,22,88.04,72.82,95.45,86.84,35.46,96.01,44.12,5.1,2.3,5.75,Pass,Yes
875,Female,24,59.03,58.46,78.34,94.61,88.26,85.66,35.48,6.2,3.4,6.52,Pass,No
876,Male,23,64.59,53.46,82.58,62.97,58.39,42.69,85.17,4.6,4.0,8.24,Pass,No
877,Female,22,60.68,81.33,86.52,77.84,70.15,79.84,88.48,1.7,5.9,9.84,Pass,No
878,Female,20,68.92,67.23,87.16,65.81,79.02,56.95,41.39,7.0,6.0,9.36,Pass,No
879,Male,22,73.01,86.98,97.27,66.27,80.67,58.16,89.8,3.2,6.5,6.05,Pass,No
880,Male,23,84.95,79.68,99.88,58.62,97.14,84.83,78.07,7.8,4.1,9.99,Pass,No
881,Male,19,81.05,85.83,88.81,85.73,69.54,97.39,66.41,1.8,5.2,4.02,Fail,Yes
882,Female,20,79.84,62.24,71.49,96.17,60.98,38.87,88.12,7.7,1.7,4.17,Fail,Yes
883,Male,19,69.09,81.16,95.19,96.45,96.99,59.44,59.35,1.6,4.4,8.94,Pass,No
884,Female,18,88.66,61.88,61.97,50.49,76.74,63.67,43.58,2.6,2.5,5.2,Pass,Yes
885,Female,19,73.85,92.26,69.24,92.48,54.38,56.34,49.94,1.3,3.6,4.36,Fail,Yes
886,Male,18,94.16,78.64,95.9,84.25,43.22,55.42,65.36,5.9,4.8,5.42,Pass,Yes
887,Male,18,80.37,64.6,70.25,55.17,89.77,33.66,67.19,7.0,2.5,6.56,Pass,Yes
888,Female,19,60.05,62.13,68.83,44.04,58.54,77.99,86.39,4.0,1.3,8.38,Pass,Yes
889,Female,20,82.05,58.59,65.53,56.08,77.93,60.54,85.39,7.5,1.1,7.75,Pass,Yes
890,Male,23,68.0,81.26,94.36,94.73,65.6,43.64,70.7,5.1,1.1,5.43,Pass,Yes
891,Male,22,82.45,59.84,80.0,77.99,47.93,87.12,84.65,5.4,1.1,7.02,Pass,No
892,Male,22,57.79,76.79,87.0,83.26,74.11,86.18,43.42,6.9,1.7,9.56,Pass,No
893,Male,23,62.0,61.91,69.56,55.43,38.94,64.05,33.5,3.1,2.4,8.89,Pass,Yes
894,Male,24,89.23,79.79,90.32,83.16,61.87,50.89,91.15,3.5,2.3,5.94,Pass,Yes
895,Female,24,64.09,86.67,90.4,41.69,70.53,74.67,35.29,7.3,6.9,9.89,Pass,No
896,Female,18,88.48,85.01,72.5,62.52,63.34,50.17,47.27,7.3,2.8,8.25,Pass,Yes
897,Female,18,66.17,84.24,76.43,77.61,83.66,46.52,78.67,7.8,1.8,4.37,Fail,Yes
898,Female,20,80.72,58.45,68.39,48.77,88.82,81.14,58.66,7.3,4.3,4.21,Fail,Yes
899,Male,21,82.77,53.98,99.06,89.38,85.13,32.82,91.34,1.9,6.1,5.01,Pass,Yes
900,Male,19,75.51,81.45,85.82,54.1,37.52,36.63,50.86,6.8,5.1,8.37,Pass,No
901,Male,18,67.21,66.58,97.38,79.14,47.62,30.48,30.83,3.9,2.8,5.1,Pass,Yes
902,Female,22,63.51,69.46,72.14,64.31,69.88,40.71,51.05,7.9,4.4,7.07,Pass,Yes
903,Female,20,56.33,51.4,91.28,75.76,95.76,34.83,70.47,4.3,5.3,4.56,Fail,Yes
904,Male,19,67.16,61.68,90.63,46.45,89.27,99.71,56.32,4.9,5.4,9.53,Pass,No
905,Male,20,81.13,51.52,87.67,41.01,89.76,50.22,67.44,4.7,5.0,6.06,Pass,No
906,Female,19,92.53,89.56,98.63,94.57,54.71,40.45,91.36,3.3,6.2,9.45,Pass,No
907,Female,19,89.85,60.95,75.74,56.18,62.91,46.87,93.87,1.5,6.2,9.67,Pass,No
908,Male,23,85.64,75.08,65.23,89.18,65.6,95.53,48.62,7.3,4.5,4.04,Fail,Yes
909,Male,18,86.54,51.75,86.87,99.96,45.23,66.41,62.35,6.6,3.6,6.78,Pass,No
910,Female,20,81.6,80.01,89.17,52.69,37.02,55.54,68.44,2.0,4.8,4.15,Fail,Yes
911,Male,20,65.41,64.54,83.0,55.91,96.55,91.14,96.44,6.4,5.9,9.45,Pass,No
912,Male,23,91.29,90.41,68.27,79.77,50.65,57.65,99.9,5.4,1.0,7.11,Pass,Yes
913,Male,22,81.83,89.97,80.18,97.93,50.6,53.45,46.48,3.9,7.0,4.45,Fail,Yes
914,Female,22,77.42,64.64,72.49,94.95,40.42,44.51,80.89,2.8,2.1,4.66,Fail,Yes
915,Female,24,59.44,90.54,77.1,70.17,95.35,56.45,56.46,7.0,3.8,6.3,Pass,No
916,Female,18,72.88,94.83,85.81,87.71,72.68,52.17,30.57,5.9,6.2,9.64,Pass,No
917,Female,18,73.41,87.14,89.81,48.14,78.36,77.41,30.65,4.8,2.4,8.16,Pass,No
918,Female,21,89.58,88.02,69.29,98.65,94.25,50.27,62.24,5.3,3.9,9.21,Pass,Yes
919,Female,23,76.87,61.21,76.21,97.86,57.47,70.4,64.18,1.6,1.8,6.2,Pass,No
920,Female,22,70.22,75.95,70.77,49.82,75.4,34.61,31.58,4.3,3.4,4.26,Fail,Yes
921,Male,19,94.07,53.03,67.95,57.97,37.52,43.39,78.08,2.4,2.1,9.85,Pass,Yes
922,Male,20,59.43,54.27,91.34,46.01,47.14,58.52,50.58,2.5,3.2,4.1,Fail,Yes
923,Male,18,71.9,94.95,96.37,56.3,89.03,95.59,69.19,5.6,3.2,9.69,Pass,No
924,Male,20,56.68,64.7,74.81,88.96,84.84,56.41,51.06,7.4,7.0,6.21,Pass,Yes
925,Male,20,84.6,83.67,90.05,62.7,57.79,76.49,41.7,3.8,7.0,4.06,Fail,Yes
926,Male,21,91.72,86.3,95.88,45.3,59.49,47.86,58.5,2.5,1.7,8.13,Pass,No
927,Male,22,66.2,88.61,93.84,60.53,69.68,38.89,46.26,5.5,5.4,9.88,Pass,No
928,Female,18,89.33,94.89,67.31,98.88,35.02,34.1,67.44,7.1,1.3,9.79,Pass,Yes
929,Female,20,66.69,60.87,98.25,77.78,50.68,51.38,43.92,6.2,1.2,4.97,Fail,Yes
930,Male,18,91.43,51.82,75.07,64.97,48.54,41.04,65.59,7.1,1.6,5.09,Pass,Yes
931,Male,19,85.16,68.5,73.57,49.99,51.28,42.18,41.02,4.8,6.8,7.39,Pass,Yes
932,Female,21,87.2,55.85,62.5,99.17,87.38,83.25,76.97,6.3,6.6,7.82,Pass,Yes
933,Male,19,55.72,51.01,79.45,89.25,53.18,31.11,82.78,2.0,2.2,8.44,Pass,No
934,Male,18,93.51,66.22,64.36,56.89,47.45,69.05,37.73,3.4,2.0,5.09,Pass,Yes
935,Female,24,84.07,85.27,69.94,44.2,67.78,56.56,62.75,3.7,2.4,9.75,Pass,Yes
936,Male,18,67.19,75.48,72.68,43.4,91.27,65.46,34.96,4.6,4.1,7.83,Pass,Yes
937,Female,22,88.18,64.08,92.35,47.22,50.69,69.4,71.87,7.5,4.4,9.08,Pass,No
938,Male,20,66.26,79.45,95.02,74.85,40.1,51.94,48.51,7.1,2.3,7.24,Pass,No
939,Female,20,89.91,60.44,72.1,95.73,58.17,50.66,66.93,1.9,5.5,6.49,Pass,Yes
940,Female,19,59.5,50.65,94.35,69.8,83.6,81.34,66.22,2.2,2.9,9.86,Pass,No
941,Female,21,83.15,84.4,94.29,90.58,70.79,90.99,94.7,3.5,6.5,7.49,Pass,No
942,Male,24,76.63,78.07,90.59,66.75,88.09,43.48,68.44,3.0,4.9,9.2,Pass,No
943,Female,23,58.86,84.3,65.87,82.52,97.37,36.83,70.81,5.3,3.6,9.72,Pass,Yes
944,Male,20,64.68,51.75,87.61,83.91,86.52,92.85,58.12,7.3,5.7,8.05,Pass,No
945,Male,22,55.5,87.67,97.8,50.44,74.25,54.49,96.44,7.7,5.9,7.29,Pass,No
946,Male,19,73.75,77.88,87.3,61.67,67.07,68.59,84.4,5.6,2.7,4.02,Fail,Yes
947,Male,19,67.05,75.35,73.26,78.24,37.6,55.17,49.98,6.9,3.0,4.24,Fail,Yes
948,Female,23,78.93,78.11,80.02,44.24,98.98,38.81,89.09,4.7,6.6,5.21,Pass,Yes
949,Female,22,66.89,88.9,85.83,61.69,59.93,71.25,60.27,2.5,2.0,5.12,Pass,Yes
950,Male,21,67.0,76.41,80.42,72.09,44.89,66.76,88.01,4.7,1.3,5.53,Pass,Yes
951,Male,22,84.73,76.14,64.8,99.77,78.34,44.21,87.6,4.9,3.7,5.83,Pass,Yes
952,Female,21,56.93,94.58,72.48,68.47,53.48,61.63,43.22,6.2,5.8,6.16,Pass,Yes
953,Male,22,91.12,84.05,92.1,88.96,73.08,85.79,79.08,2.5,5.6,6.52,Pass,No
954,Female,22,89.09,69.9,94.46,65.92,73.14,71.33,50.35,3.6,6.5,4.59,Fail,Yes
955,Male,18,81.71,81.83,65.49,87.78,63.97,36.78,50.82,3.5,4.2,4.25,Fail,Yes
956,Male,19,78.73,67.52,98.1,75.72,89.35,68.36,50.74,7.7,1.6,8.04,Pass,No
957,Female,22,90.69,60.3,73.15,93.2,52.22,79.19,80.79,4.1,4.5,7.22,Pass,Yes
958,Male,23,62.41,76.86,86.49,64.66,64.16,85.49,46.09,6.3,5.7,6.66,Pass,No
959,Female,22,58.16,91.77,90.07,76.26,69.95,74.04,30.06,6.3,1.6,7.81,Pass,No
960,Male,20,64.58,91.81,92.48,77.8,78.14,40.69,80.07,2.9,2.0,8.97,Pass,No
961,Male,19,86.78,65.39,97.83,65.04,85.96,79.71,41.98,5.0,1.1,6.57,Pass,No
962,Male,20,56.39,73.75,72.52,48.66,60.66,77.41,37.31,7.3,4.6,7.85,Pass,Yes
963,Female,19,78.31,59.52,94.34,45.61,76.99,31.71,46.63,4.3,6.3,9.72,Pass,No
964,Male,20,94.82,94.8,65.27,41.0,44.79,58.82,56.59,7.6,5.0,9.04,Pass,Yes
965,Male,22,89.23,94.15,88.2,92.41,95.62,53.31,63.31,2.5,6.9,6.56,Pass,No
966,Male,22,75.86,79.23,89.68,54.19,59.9,76.86,33.12,1.5,1.4,7.87,Pass,No
967,Male,18,57.55,86.2,87.11,52.69,82.42,45.13,97.94,7.2,6.4,5.06,Pass,Yes
968,Female,23,88.25,82.18,70.09,84.16,36.32,71.36,80.12,6.9,5.9,7.36,Pass,Yes
969,Female,20,78.96,76.69,94.92,59.2,48.34,93.92,52.62,7.9,2.9,9.89,Pass,No
970,Male,21,59.6,52.4,66.75,70.36,66.66,85.85,52.31,5.8,6.8,7.11,Pass,Yes
971,Female,18,58.75,70.46,62.15,49.75,92.09,94.5,61.4,7.6,2.7,9.57,Pass,Yes
972,Male,20,91.39,80.37,88.7,97.58,69.27,98.5,73.84,6.8,6.3,6.44,Pass,No
973,Male,20,81.77,80.49,79.02,91.09,95.44,30.75,40.25,6.9,6.3,9.99,Pass,No
974,Male,18,88.17,66.79,93.96,91.83,66.45,73.59,43.23,5.0,5.5,7.48,Pass,No
975,Female,22,90.16,92.38,75.34,64.41,66.88,58.9,90.16,3.7,4.4,4.25,Fail,Yes
976,Female,20,77.87,57.53,66.73,85.74,42.78,90.19,47.94,7.5,1.7,7.52,Pass,Yes
977,Female,22,75.7,72.52,93.46,48.63,87.17,47.63,56.61,4.0,4.2,5.65,Pass,Yes
978,Female,18,72.22,81.09,81.96,40.52,51.05,98.67,90.99,4.8,3.1,4.19,Fail,Yes
979,Female,22,67.68,81.37,67.57,41.2,93.47,72.96,76.42,4.1,5.8,8.93,Pass,Yes
980,Female,19,72.38,79.19,88.82,75.2,94.2,85.55,53.92,5.0,5.5,5.65,Pass,Yes
981,Female,21,85.96,62.39,80.44,67.32,96.32,35.99,77.86,4.3,6.5,8.78,Pass,No
982,Female,24,79.08,57.03,84.17,71.08,68.81,42.84,31.38,1.3,1.1,5.73,Pass,Yes
983,Female,20,90.7,78.62,78.44,40.45,79.01,83.09,81.49,7.2,5.9,5.17,Pass,Yes
984,Male,23,72.74,76.97,93.15,65.36,85.6,31.54,64.09,4.1,6.6,9.84,Pass,No
985,Female,21,79.28,58.07,93.18,83.08,43.52,87.18,86.92,5.1,5.7,6.17,Pass,No
986,Female,24,80.25,81.73,88.38,66.56,74.06,30.98,96.82,2.0,1.8,7.61,Pass,No
987,Female,22,78.67,70.48,64.22,83.93,37.23,76.0,94.81,1.0,1.5,7.66,Pass,Yes
988,Female,20,83.11,80.05,93.55,53.98,67.34,55.56,93.65,2.7,1.1,7.36,Pass,No
989,Female,22,64.5,87.68,86.84,88.79,45.06,72.8,65.85,5.9,4.8,9.49,Pass,No
990,Female,19,75.49,57.64,87.88,75.31,46.89,78.72,55.21,1.7,4.8,8.05,Pass,No
991,Female,18,59.17,50.86,74.52,52.65,58.73,53.97,62.55,7.4,6.9,6.42,Pass,Yes
992,Female,20,70.38,85.06,95.17,54.2,63.11,37.56,78.29,2.5,3.4,9.17,Pass,No
993,Female,24,74.51,77.44,89.01,77.68,75.51,34.88,91.88,2.4,3.0,5.09,Pass,Yes
994,Female,24,81.09,81.48,64.5,89.8,39.84,71.23,44.49,2.3,4.7,7.27,Pass,Yes
995,Female,19,93.02,87.72,76.31,64.94,67.74,66.45,94.27,1.1,6.0,9.7,Pass,No
996,Male,19,79.03,86.13,95.46,55.5,46.87,81.95,87.06,6.4,6.6,7.75,Pass,No
997,Male,20,84.74,93.24,61.89,92.02,72.31,65.68,98.52,7.1,5.8,8.9,Pass,Yes
998,Female,22,75.25,74.12,98.46,80.16,76.43,59.57,91.62,5.3,3.6,7.92,Pass,No
999,Female,23,80.36,71.98,87.17,66.89,71.19,57.87,49.6,2.3,4.8,9.04,Pass,No
1000,Male,24,57.84,68.08,85.26,69.27,82.99,31.85,37.42,3.0,6.1,9.67,Pass,No
1001,Female,24,65.18,56.92,70.82,52.26,56.81,53.49,37.86,4.3,3.9,5.64,Pass,Yes
1002,Male,19,69.47,75.77,69.95,77.61,84.73,98.32,50.39,7.7,2.3,5.02,Pass,Yes
1003,Male,21,73.9,62.47,97.68,61.52,63.13,91.15,72.99,2.7,2.0,6.9,Pass,No
1004,Male,19,56.83,91.46,71.93,99.74,66.47,53.06,86.3,6.1,1.0,8.21,Pass,Yes
1005,Male,23,60.6,76.24,91.02,68.81,77.13,71.15,92.95,4.1,5.3,5.36,Pass,Yes
1006,Male,22,66.07,76.68,75.72,69.15,36.19,89.31,73.66,3.1,1.7,4.02,Fail,Yes
1007,Female,22,93.86,65.97,65.57,73.95,77.51,60.89,30.39,4.2,2.5,6.06,Pass,Yes
1008,Male,21,68.25,52.34,60.43,95.01,75.21,31.26,43.04,1.5,2.8,9.81,Pass,Yes
1009,Female,24,74.28,51.43,81.77,88.05,55.14,35.22,36.98,6.6,4.4,8.17,Pass,No
1010,Female,19,62.84,69.05,99.03,67.07,40.58,65.73,55.43,2.7,3.4,6.41,Pass,No
1011,Male,22,79.43,53.81,74.77,83.12,40.91,97.86,65.09,6.1,5.0,5.16,Pass,Yes
1012,Male,23,66.23,77.31,74.29,75.17,95.01,78.52,33.04,1.5,1.3,6.14,Pass,Yes
1013,Female,20,63.28,89.64,73.76,69.54,79.8,34.96,54.39,7.7,1.7,5.02,Pass,Yes
1014,Male,18,75.66,89.73,80.82,51.54,43.26,43.26,42.54,2.4,4.0,4.64,Fail,Yes
1015,Male,18,55.22,79.66,77.63,67.84,58.19,83.99,75.29,7.2,3.0,9.44,Pass,No
1016,Female,18,55.31,59.51,95.2,54.75,73.51,88.9,62.5,6.7,2.8,9.99,Pass,No
1017,Female,24,63.76,88.83,80.22,94.89,89.31,73.24,64.67,7.8,1.4,4.98,Fail,Yes
1018,Male,19,56.47,89.87,80.31,60.12,37.84,75.11,59.94,4.3,6.4,4.33,Fail,Yes
1019,Female,21,59.32,58.85,65.53,97.14,50.38,31.98,96.92,6.1,5.2,5.98,Pass,Yes
1020,Male,22,68.55,83.18,99.31,71.98,92.83,88.0,45.03,3.6,1.7,6.77,Pass,No
1021,Male,20,87.1,62.89,70.0,77.89,35.6,85.18,66.17,2.3,1.4,5.23,Pass,Yes
1022,Male,23,77.88,86.12,62.93,72.58,48.09,48.13,81.52,4.1,6.8,5.81,Pass,Yes
1023,Female,20,75.51,94.88,86.53,47.76,97.34,79.61,68.98,2.2,5.1,5.21,Pass,Yes
1024,Female,23,66.74,51.35,83.81,62.55,74.87,45.04,95.03,7.9,3.5,8.65,Pass,No
1025,Female,24,92.27,90.38,76.61,45.95,52.01,32.82,56.46,1.7,5.2,8.28,Pass,No
1026,Female,19,70.88,78.02,76.89,77.38,39.35,44.08,62.46,5.1,5.5,7.81,Pass,No
1027,Female,18,58.48,93.8,91.4,66.81,36.83,42.5,36.2,5.4,5.7,6.32,Pass,No
1028,Male,19,79.68,70.93,67.83,86.68,50.91,53.64,72.63,4.8,3.9,9.45,Pass,Yes
1029,Male,24,59.55,88.13,92.81,53.23,92.3,59.29,50.17,5.6,3.6,9.82,Pass,No
1030,Male,21,68.81,52.81,85.95,49.87,62.03,65.6,41.22,1.8,1.1,5.04,Pass,Yes
1031,Male,21,75.3,65.09,76.76,64.38,81.82,63.37,68.12,4.9,6.6,5.34,Pass,Yes
1032,Female,24,89.97,53.02,78.32,95.6,94.69,48.95,67.26,3.0,4.6,7.15,Pass,No
1033,Male,23,74.74,93.89,70.27,82.63,61.52,32.04,35.31,7.6,2.2,4.55,Fail,Yes
1034,Female,22,83.09,86.76,90.08,65.14,47.43,72.36,78.88,6.3,6.5,6.62,Pass,No
1035,Male,22,94.71,88.36,80.51,71.04,68.61,57.7,73.66,7.8,6.5,7.49,Pass,No
1036,Female,23,60.26,92.21,72.83,45.05,94.03,50.91,43.23,1.3,6.9,7.13,Pass,Yes
1037,Female,21,65.99,53.83,83.84,99.07,87.28,90.69,62.86,3.0,6.2,5.99,Pass,Yes
1038,Male,21,70.78,67.35,99.83,79.98,39.28,82.27,80.42,2.4,7.0,7.25,Pass,No
1039,Male,21,71.87,53.2,77.41,57.12,80.02,90.04,67.06,1.1,2.5,9.75,Pass,No
1040,Male,19,71.44,59.49,96.83,75.15,72.17,64.65,57.68,2.7,6.1,5.24,Pass,Yes
1041,Male,21,91.3,60.32,73.8,46.57,93.99,39.17,52.56,5.8,5.9,7.93,Pass,Yes
1042,Female,20,83.56,71.11,62.19,97.95,42.96,78.74,72.73,2.6,2.4,4.26,Fail,Yes
1043,Male,18,79.32,62.09,68.17,50.49,69.71,44.43,95.74,4.6,1.6,4.4,Fail,Yes
1044,Male,21,67.37,54.54,76.75,78.88,92.17,60.89,77.02,7.2,6.9,7.31,Pass,No
1045,Female,23,87.95,57.54,68.79,54.73,61.65,34.55,35.23,5.9,2.8,4.63,Fail,Yes
1046,Male,18,93.2,56.63,60.01,83.05,66.33,87.77,62.25,3.8,6.2,4.13,Fail,Yes
1047,Male,19,87.85,93.79,96.6,86.61,39.58,38.82,92.36,3.6,1.0,5.03,Pass,Yes
1048,Male,23,55.06,84.17,93.76,80.41,53.08,93.22,36.61,4.2,1.1,7.39,Pass,No
1049,Male,18,80.46,93.55,89.69,76.87,56.09,90.5,99.22,2.2,3.8,8.22,Pass,No
1050,Male,23,57.05,69.79,66.71,93.55,96.43,62.52,96.43,5.4,2.4,5.21,Pass,Yes
1051,Female,19,65.3,62.53,64.81,44.72,53.37,82.11,35.48,3.5,5.1,8.01,Pass,Yes
1052,Male,20,57.38,85.92,62.7,59.85,64.96,73.36,95.34,7.0,4.4,5.09,Pass,Yes
1053,Male,19,79.15,64.68,88.96,54.9,78.63,86.22,55.42,6.3,1.5,7.68,Pass,No
1054,Male,19,82.46,63.47,97.15,99.28,45.54,60.23,89.13,5.3,2.0,6.47,Pass,No
1055,Male,23,59.58,60.46,77.22,63.36,66.62,85.01,59.29,3.5,3.3,7.92,Pass,No
1056,Male,24,70.35,55.84,64.77,83.96,83.01,62.37,60.86,2.5,2.1,9.97,Pass,Yes
1057,Female,22,73.25,61.54,80.5,81.08,91.35,95.87,74.4,6.4,5.8,9.63,Pass,No
1058,Male,21,69.76,65.99,73.95,52.72,75.71,64.05,84.21,4.4,3.5,4.03,Fail,Yes
1059,Female,21,59.84,80.33,74.99,54.34,78.49,62.38,32.37,2.6,1.6,9.31,Pass,Yes
1060,Female,20,71.76,52.82,84.85,56.88,43.21,84.96,71.52,2.4,3.9,4.4,Fail,Yes
1061,Male,20,85.05,59.47,88.75,64.67,96.48,87.51,43.07,2.2,1.5,9.72,Pass,No
1062,Male,21,57.84,86.41,64.42,54.06,43.62,68.81,54.22,6.4,1.8,5.69,Pass,Yes
1063,Male,22,58.21,56.61,61.42,41.18,85.35,42.59,54.36,2.6,2.4,6.29,Pass,Yes
1064,Male,21,69.19,65.42,99.77,92.76,52.21,62.74,62.83,4.7,6.2,4.55,Fail,Yes
1065,Female,24,92.67,88.91,69.31,97.94,95.68,97.77,53.39,4.2,6.5,4.67,Fail,Yes
1066,Male,22,81.74,56.97,62.15,60.49,81.8,82.71,37.52,5.1,6.0,8.36,Pass,Yes
1067,Male,20,82.15,53.72,67.6,60.31,84.0,86.78,40.19,7.1,3.0,9.67,Pass,Yes
1068,Male,18,69.48,71.8,61.56,40.43,49.24,32.3,32.34,7.1,2.6,7.66,Pass,Yes
1069,Male,23,78.75,63.61,75.67,80.82,63.8,62.75,62.92,4.2,4.3,8.3,Pass,No
1070,Male,24,55.41,75.35,92.1,89.53,75.16,75.26,96.81,1.1,5.3,8.57,Pass,No
1071,Male,24,80.44,86.17,73.65,48.8,85.05,88.1,38.1,4.0,7.0,5.58,Pass,Yes
1072,Female,20,91.53,56.17,77.77,49.58,41.76,33.45,96.24,5.2,1.8,4.27,Fail,Yes
1073,Female,20,79.5,76.13,87.02,87.4,97.55,89.67,81.34,4.9,1.3,4.01,Fail,Yes
1074,Male,19,89.95,72.75,80.36,76.98,92.86,68.39,74.62,5.6,5.2,6.1,Pass,No
1075,Male,24,83.96,56.48,94.46,42.69,52.57,43.81,75.17,2.1,6.0,5.45,Pass,Yes
1076,Male,19,59.82,78.08,94.64,77.35,88.48,52.21,87.87,5.5,6.1,4.37,Fail,Yes
1077,Female,19,91.1,62.31,60.4,58.54,68.69,49.74,37.48,2.3,5.1,5.08,Pass,Yes
1078,Male,23,57.66,71.95,91.12,62.12,65.02,67.16,65.33,6.3,6.7,4.75,Fail,Yes
1079,Female,19,76.36,53.7,78.43,86.18,55.44,33.62,78.8,3.4,4.1,9.49,Pass,No
1080,Male,22,60.69,70.68,99.55,88.66,72.76,41.1,71.08,6.0,6.5,4.84,Fail,Yes
1081,Male,21,55.47,63.79,79.33,64.02,82.44,86.89,88.29,1.3,6.8,7.23,Pass,No
1082,Male,18,71.88,87.01,99.48,96.83,61.71,39.28,35.06,3.9,6.1,7.56,Pass,No
1083,Male,20,66.8,52.56,90.18,64.39,75.9,46.34,78.35,5.9,2.9,7.26,Pass,No
1084,Female,22,74.44,68.84,69.94,86.31,80.46,61.74,67.38,2.6,2.2,4.59,Fail,Yes
1085,Female,18,78.09,70.63,81.54,69.03,81.22,66.2,56.54,6.6,4.3,5.91,Pass,Yes
1086,Male,24,56.75,82.63,99.69,93.85,38.38,83.45,53.82,5.4,3.7,4.31,Fail,Yes
1087,Male,24,59.92,75.84,94.3,94.47,90.88,61.31,73.46,5.1,6.3,6.37,Pass,No
1088,Female,24,77.35,80.02,63.89,45.25,64.79,85.29,92.37,3.5,1.6,5.13,Pass,Yes
1089,Female,22,68.73,84.97,88.25,96.19,52.06,73.28,64.73,4.4,2.5,7.37,Pass,No
1090,Female,22,84.17,88.8,73.82,89.53,50.71,37.92,87.73,5.2,5.5,8.16,Pass,Yes
1091,Female,20,81.09,64.12,60.28,87.48,66.4,40.94,58.15,4.3,1.6,7.19,Pass,Yes
1092,Male,21,88.82,74.21,76.14,52.05,92.64,60.59,37.17,5.9,2.9,6.61,Pass,No
1093,Female,19,82.7,87.8,69.39,88.31,59.59,57.78,34.31,4.0,3.3,6.32,Pass,Yes
1094,Male,24,72.2,94.53,92.75,91.01,83.73,82.05,33.59,2.4,4.7,9.05,Pass,No
1095,Female,23,81.92,90.03,73.49,57.35,41.29,70.65,56.61,2.5,1.9,5.32,Pass,Yes
1096,Female,21,66.02,66.72,93.1,97.14,65.94,57.17,53.61,1.0,6.2,8.41,Pass,No
1097,Female,23,67.25,58.78,60.02,42.99,99.46,41.95,80.26,3.1,3.7,8.54,Pass,Yes
1098,Female,20,86.56,72.02,72.31,48.99,85.08,45.88,82.0,6.2,6.5,6.52,Pass,Yes
1099,Female,20,72.86,83.37,69.65,72.25,48.68,70.29,33.56,6.6,3.8,5.78,Pass,Yes
1100,Male,20,86.94,72.17,69.34,74.55,67.59,59.64,45.48,2.4,2.7,6.82,Pass,Yes
1101,Male,18,87.9,71.74,62.73,78.71,50.19,66.04,49.2,7.7,1.9,4.56,Fail,Yes
1102,Female,23,89.3,87.72,67.48,41.02,61.62,41.95,68.33,4.5,1.0,4.28,Fail,Yes
1103,Female,21,91.67,66.26,82.22,97.62,85.71,76.4,40.12,7.4,4.2,4.67,Fail,Yes
1104,Male,21,72.24,88.69,71.65,42.68,85.13,89.68,39.38,5.9,1.6,5.12,Pass,Yes
1105,Female,22,67.75,68.31,76.7,48.58,49.83,48.06,96.07,6.1,3.4,7.03,Pass,No
1106,Female,22,78.29,64.77,75.07,40.84,94.94,64.41,86.29,1.6,4.5,9.09,Pass,No
1107,Male,24,69.85,70.43,95.04,74.01,73.52,98.29,42.65,2.5,2.7,5.41,Pass,Yes
1108,Female,22,79.04,84.31,96.21,95.94,59.7,53.33,58.46,1.1,2.1,9.61,Pass,No
1109,Female,20,83.22,55.67,79.72,79.96,67.63,71.65,54.89,6.0,5.6,9.73,Pass,No
1110,Male,21,82.54,58.84,73.21,89.36,74.33,36.31,85.37,3.4,6.7,9.75,Pass,Yes
1111,Male,23,69.98,92.82,64.27,40.8,71.39,72.42,65.71,6.5,1.6,9.03,Pass,Yes
1112,Male,20,61.67,57.9,98.14,72.52,66.62,36.27,38.95,3.4,1.9,6.18,Pass,No
1113,Female,18,72.22,75.55,62.41,67.57,67.82,97.15,81.73,6.7,6.8,4.44,Fail,Yes
1114,Male,22,60.7,76.07,71.91,69.94,46.47,80.1,57.78,1.9,1.2,7.41,Pass,Yes
1115,Male,20,90.6,72.03,71.92,44.33,87.83,85.17,48.4,2.2,6.9,7.35,Pass,Yes
1116,Male,20,68.84,79.01,72.82,81.07,70.21,79.29,56.28,3.4,1.0,9.1,Pass,Yes
1117,Male,18,61.18,60.34,66.57,70.19,43.52,71.28,64.84,3.9,6.2,9.98,Pass,Yes
1118,Male,19,56.02,74.87,91.33,85.91,84.8,61.49,54.02,3.4,2.8,7.05,Pass,No
1119,Male,21,80.83,66.75,64.9,69.12,95.61,90.09,46.93,6.3,6.6,6.07,Pass,Yes
1120,Female,23,80.48,79.78,85.4,48.96,96.57,96.98,57.9,1.7,2.9,5.12,Pass,Yes
1121,Female,24,68.62,56.36,64.95,78.9,58.99,64.93,31.34,3.5,4.9,4.03,Fail,Yes
1122,Male,19,57.87,75.69,62.82,50.34,43.81,95.21,84.07,6.9,1.5,7.05,Pass,Yes
1123,Male,22,71.39,58.34,96.38,92.34,68.7,70.83,41.97,1.5,2.5,7.33,Pass,No
1124,Male,20,67.45,62.54,67.61,76.79,42.32,67.69,33.07,7.6,5.6,8.95,Pass,Yes
1125,Female,18,82.08,59.84,92.85,49.43,95.71,61.81,75.76,7.9,4.2,7.03,Pass,No
1126,Female,18,79.23,58.23,81.79,97.74,46.93,44.65,84.18,1.6,6.6,9.5,Pass,No
1127,Female,21,69.58,87.16,63.11,71.1,51.43,30.26,86.97,3.0,3.6,7.77,Pass,Yes
1128,Female,19,63.72,62.86,98.22,44.37,61.43,46.91,64.55,3.6,6.2,9.04,Pass,No
1129,Female,24,94.52,91.72,69.88,77.61,59.91,65.68,44.38,6.4,3.7,4.89,Fail,Yes
1130,Female,21,73.16,93.65,94.39,55.19,86.65,56.6,81.61,5.2,6.9,9.13,Pass,No
1131,Female,20,82.53,75.71,66.75,88.22,64.66,61.39,78.98,5.5,6.8,8.05,Pass,Yes
1132,Female,21,60.62,56.44,94.16,89.07,46.1,98.65,47.24,6.3,3.0,5.02,Pass,Yes
1133,Female,23,74.42,66.85,60.53,98.74,52.37,54.52,93.24,1.8,6.3,5.14,Pass,Yes
1134,Male,18,56.1,85.9,80.47,70.11,68.09,61.65,37.31,6.8,6.1,9.56,Pass,No
1135,Male,18,75.22,66.53,90.78,67.3,44.58,39.35,98.79,5.9,2.3,4.19,Fail,Yes
1136,Male,22,93.56,53.92,97.39,85.21,74.76,33.36,90.22,5.0,4.7,6.78,Pass,No
1137,Male,22,70.37,75.06,96.37,47.95,71.77,84.28,78.15,7.2,1.4,5.88,Pass,Yes
1138,Female,24,56.56,88.03,92.78,72.81,81.46,69.95,95.71,5.9,6.0,7.99,Pass,No
1139,Female,20,56.24,85.82,95.53,72.77,95.95,83.25,80.56,2.4,2.0,9.04,Pass,No
1140,Male,23,70.52,57.88,67.97,45.37,94.3,40.49,43.33,4.0,1.4,6.16,Pass,Yes
1141,Female,19,61.4,80.27,71.37,65.08,96.49,70.03,60.95,4.5,3.4,6.56,Pass,Yes
1142,Male,21,55.93,59.92,71.56,91.2,50.91,47.75,35.01,1.4,4.5,9.89,Pass,Yes
1143,Female,24,85.25,59.82,75.08,91.37,43.55,45.96,57.28,7.7,6.1,8.7,Pass,No
1144,Male,20,73.34,89.33,75.73,45.95,54.65,30.81,81.91,1.9,6.8,9.38,Pass,No
1145,Female,22,66.57,61.24,81.78,45.44,93.18,39.12,57.05,5.9,3.6,6.63,Pass,No
1146,Female,21,91.0,61.85,66.4,55.76,98.18,51.65,53.12,4.5,1.4,5.4,Pass,Yes
1147,Male,22,59.65,50.03,87.65,92.49,90.86,38.18,71.67,1.2,5.5,6.47,Pass,No
1148,Female,21,93.24,89.18,66.7,47.73,42.15,99.01,91.05,7.5,4.4,8.3,Pass,Yes
1149,Male,19,67.56,85.67,72.41,83.2,96.58,51.6,33.33,7.0,3.7,4.66,Fail,Yes
1150,Male,20,90.54,78.23,80.13,46.07,62.52,39.12,56.98,4.7,2.9,5.62,Pass,Yes
1151,Male,21,79.12,83.76,91.86,77.39,35.61,43.94,41.08,2.6,4.0,4.28,Fail,Yes
1152,Male,23,88.07,56.84,89.58,61.36,63.76,71.14,78.67,1.9,3.0,6.59,Pass,No
1153,Female,24,94.36,70.62,85.82,87.33,37.99,34.48,37.4,3.5,5.5,8.96,Pass,No
1154,Female,18,66.54,65.8,66.23,54.02,70.35,90.37,76.54,2.8,4.3,4.15,Fail,Yes
1155,Female,23,93.45,54.22,81.88,78.35,57.01,97.3,50.03,4.5,6.3,8.05,Pass,No
1156,Male,23,70.58,71.88,63.5,54.14,65.77,47.27,43.92,7.8,4.3,9.59,Pass,Yes
1157,Female,24,70.42,91.43,75.09,82.82,74.86,61.51,95.54,5.0,2.4,5.42,Pass,Yes
1158,Male,18,68.62,51.8,76.54,92.42,91.47,31.55,31.3,7.2,6.1,8.16,Pass,No
1159,Female,23,76.66,63.12,61.59,47.61,78.02,74.85,60.64,5.6,4.3,9.85,Pass,Yes
1160,Female,21,61.17,59.34,70.96,92.0,63.21,58.97,31.51,4.3,2.2,9.77,Pass,Yes
1161,Female,21,77.15,60.72,98.23,75.61,88.26,48.9,63.85,7.0,4.7,5.41,Pass,Yes
1162,Male,21,76.67,90.88,98.15,47.63,93.86,44.48,65.07,4.3,3.1,4.6,Fail,Yes
1163,Female,18,85.48,71.06,74.09,65.65,42.78,75.78,52.52,7.1,6.1,4.89,Fail,Yes
1164,Female,23,88.35,70.98,61.72,49.65,69.58,59.14,39.25,3.0,3.7,8.21,Pass,Yes
1165,Male,18,72.62,84.23,67.16,82.02,53.49,42.58,56.35,1.9,5.4,8.35,Pass,Yes
1166,Female,21,67.09,56.95,75.69,85.53,38.06,78.24,77.06,7.0,1.6,8.05,Pass,No
1167,Male,24,65.37,71.93,97.91,46.35,78.46,69.56,84.77,5.1,3.4,6.02,Pass,No
1168,Female,23,62.78,69.35,65.65,70.37,91.08,90.11,67.15,7.2,6.9,5.02,Pass,Yes
1169,Male,23,57.31,76.86,90.54,88.88,45.59,38.22,71.29,7.6,5.9,7.48,Pass,No
1170,Male,22,68.7,94.98,64.35,96.17,87.81,85.0,44.04,1.4,2.0,6.9,Pass,Yes
1171,Female,22,65.81,84.63,99.25,70.81,90.47,77.15,50.11,4.5,2.7,8.37,Pass,No
1172,Male,19,93.66,67.9,75.26,97.02,94.43,38.05,41.33,3.6,3.0,6.65,Pass,No
1173,Male,20,77.31,87.24,91.01,72.14,52.24,78.64,47.45,5.4,4.9,6.03,Pass,No
1174,Male,22,68.89,57.68,73.7,63.65,93.76,60.91,45.74,6.6,5.5,5.76,Pass,Yes
1175,Male,18,78.22,51.37,85.11,90.89,55.84,96.15,66.36,3.0,5.5,5.27,Pass,Yes
1176,Male,22,60.57,59.2,67.68,69.58,70.9,39.91,69.39,4.9,4.1,5.59,Pass,Yes
1177,Male,19,72.76,65.32,65.84,68.31,38.28,75.0,96.15,6.0,5.9,4.57,Fail,Yes
1178,Female,23,80.05,72.98,97.52,69.42,37.85,56.74,43.69,1.9,3.6,6.08,Pass,No
1179,Male,19,74.56,77.68,96.71,90.81,81.82,96.98,74.92,6.7,1.7,4.22,Fail,Yes
1180,Male,23,71.07,90.98,95.5,89.92,63.89,53.1,87.21,5.2,4.4,5.12,Pass,Yes
1181,Female,24,94.75,72.94,85.02,64.21,51.66,97.35,69.22,7.6,6.7,8.48,Pass,No
1182,Female,24,90.21,72.56,92.33,60.0,47.38,93.1,47.85,3.4,5.8,5.95,Pass,Yes
1183,Female,23,79.94,52.26,62.76,69.52,78.55,48.93,48.38,1.8,4.5,8.01,Pass,Yes
1184,Female,20,77.78,51.57,73.39,74.37,35.03,86.25,32.75,4.5,4.9,8.3,Pass,Yes
1185,Female,22,79.83,74.8,72.55,54.3,87.38,99.69,51.38,1.6,6.6,7.49,Pass,Yes
1186,Female,18,63.05,69.72,85.43,87.64,40.15,47.69,82.12,7.8,3.6,9.75,Pass,No
1187,Female,18,70.81,87.76,74.24,69.19,47.45,60.57,33.33,1.3,3.0,4.13,Fail,Yes
1188,Male,21,56.58,57.23,65.94,60.04,60.11,66.41,45.35,6.3,6.9,8.43,Pass,Yes
1189,Male,23,74.02,51.12,83.86,46.41,66.52,50.65,79.44,4.7,6.2,9.75,Pass,No
1190,Female,18,76.72,70.21,92.58,54.33,58.07,31.07,84.79,3.6,2.9,9.17,Pass,No
1191,Male,20,64.11,60.69,75.28,96.96,55.85,45.41,61.87,1.5,3.8,5.01,Pass,Yes
1192,Male,23,93.56,52.23,65.29,58.31,97.65,49.74,78.87,5.4,3.5,5.96,Pass,Yes
1193,Male,20,91.38,82.61,67.87,50.13,76.7,61.05,57.16,5.1,1.9,5.03,Pass,Yes
1194,Female,18,83.89,55.02,69.5,67.64,36.52,41.98,41.19,3.0,6.7,7.61,Pass,Yes
1195,Female,18,76.34,77.37,72.0,58.43,62.96,91.13,57.87,7.4,3.4,8.27,Pass,Yes
1196,Male,21,89.8,62.65,85.71,42.11,91.88,79.34,70.6,3.1,6.3,5.9,Pass,Yes
1197,Female,18,60.23,57.81,84.04,59.39,54.59,35.96,96.36,4.1,2.1,7.24,Pass,No
1198,Male,23,86.62,67.09,87.84,72.65,41.15,75.51,34.81,4.8,4.3,8.15,Pass,No
1199,Male,24,59.99,86.07,74.5,73.1,84.3,75.76,65.52,1.7,1.1,6.53,Pass,Yes
1200,Male,23,86.77,67.64,92.96,61.39,74.39,96.94,53.02,7.5,5.6,9.12,Pass,No
