student_id,roll_number,registration_number,university_id,college_id,department_id,program_name,specialization,gender,date_of_birth,age,category,minority_status,domicile_state,nationality,family_income_range,parent_education_level,parent_occupation,first_generation_learner,scholarship_status,financial_aid_type,10th_percentage,10th_board,12th_percentage,12th_board,12th_stream,entrance_exam_score,entrance_exam_rank,admission_type,gap_years,academic_year,semester,course_code,course_name,course_type,credit_score,course_difficulty_index,faculty_id,total_lectures,lectures_attended,attendance_percentage,attendance_status,lms_login_frequency,avg_session_duration_minutes,assignment_submission_rate,late_submission_count,forum_participation_count,quiz_attempt_rate,assignment_marks_avg,quiz_marks_avg,midterm_marks,internal_assessment_total,internal_rank,improvement_trend,end_sem_marks,practical_marks,theory_marks,total_marks,percentage,grade,grade_point,sgpa,cgpa,pass_fail_status,backlog_count,study_hours_per_day,sleep_hours_avg,mobile_usage_hours,hostel_resident,commute_time_minutes,part_time_job,extracurricular_participation_level,stress_level,motivation_level,time_management_score,learning_style,career_clarity_score,self_efficacy_score,faculty_experience_years,faculty_rating_avg,student_teacher_ratio,class_size,teaching_method,course_feedback_score,library_usage_frequency,lab_access_hours,mentorship_sessions_attended,remedial_classes_attended,placement_training_participation,student_id_2,roll_number_2,department,program,academic_year_2,course_code_2,attendance_percentage_2,internal_marks,external_marks,sgpa_2,gender_2,age_2,study_hours
1,ROLL0001,REG20260001,UNI001,COL001,IT,MCA,Cloud,Female,2003-04-15,23,ST,Yes,UP,Indian,2-5L,10th,Service,Yes,Yes,None,95.39,CBSE,65.62,ICSE,Arts,186,4184,Merit,1,2025-26,5,CS387,DBMS,Elective,5,4.52,FAC006,47,45,88.92,Regular,5,110,85.11,5,13,79.46,76.89,82.13,30,35,52,Upward,43,35,51,78,78.0,C,6.39,8.89,7.57,Fail,3,7.3,5.9,3.7,Yes,46,No,High,Low,Low,10,Auditory,9,4,11,3.98,41,109,Traditional,4.96,1,7,9,0,Yes,1,ROLL0001,MCA,MCA,2025-26,CS135,60.96,35,43,8.89,Female,23,4.9
2,ROLL0002,REG20260002,UNI001,COL001,IT,B.Tech,Cloud,Male,2002-12-03,24,ST,No,Delhi,Indian,2-5L,Graduate,Business,Yes,Yes,None,90.49,CBSE,95.08,ICSE,Science,98,1643,Management,2,2025-26,2,CS347,Data Structures,Core,4,3.76,FAC014,55,44,81.5,Regular,27,31,94.56,3,2,61.46,79.38,92.48,20,34,44,Downward,49,38,42,83,83.0,C,9.49,9.77,7.45,Pass,1,2.6,7.8,2.5,No,7,Yes,High,Low,Medium,10,Auditory,3,8,16,3.29,39,85,Traditional,3.38,6,18,0,0,Yes,2,ROLL0002,CSE,MCA,2025-26,CS415,69.54,34,49,9.77,Female,24,7.4
3,ROLL0003,REG20260003,UNI001,COL001,IT,B.Tech,AI,Male,2003-09-27,23,SC,Yes,Bihar,Indian,10L+,10th,Self-employed,Yes,No,Private,73.24,ICSE,85.08,CBSE,Arts,169,1312,Entrance,0,2025-26,3,CS477,DBMS,Elective,3,4.57,FAC008,41,41,75.82,Regular,17,98,75.19,4,3,62.05,75.14,68.57,25,26,14,Stable,58,34,41,84,84.0,D,7.85,8.34,9.49,Pass,3,8.0,6.9,5.2,Yes,35,No,Medium,High,High,4,Visual,9,7,9,3.52,46,43,Traditional,4.48,7,10,2,0,Yes,3,ROLL0003,CSE,BCA,2025-26,CS179,93.23,26,58,8.34,Male,23,5.9
4,ROLL0004,REG20260004,UNI001,COL001,CSE,MCA,DS,Female,2003-10-06,23,General,Yes,Punjab,Indian,2-5L,Postgraduate,Service,Yes,Yes,Private,75.55,State Board,68.67,State Board,Arts,51,4855,Management,1,2025-26,6,CS311,OS,Core,2,4.2,FAC019,47,42,89.17,Regular,6,65,77.26,3,14,79.71,65.35,58.15,15,25,82,Upward,57,40,56,82,82.0,B,7.59,7.92,6.25,Fail,2,4.0,5.6,5.6,No,42,No,High,High,Medium,5,Kinesthetic,7,3,7,3.16,20,81,Hybrid,3.33,6,19,2,4,Yes,4,ROLL0004,MCA,B.Tech,2025-26,CS171,78.64,25,57,7.92,Female,23,7.8
5,ROLL0005,REG20260005,UNI001,COL001,BCA,BCA,DS,Female,2003-02-11,23,SC,No,UP,Indian,10L+,10th,Business,No,No,Government,76.7,CBSE,83.42,ICSE,Commerce,134,2537,Entrance,0,2025-26,3,CS278,ML,Elective,5,3.19,FAC013,52,60,71.59,Regular,13,22,77.55,0,14,75.52,72.76,91.88,19,32,43,Downward,42,25,50,74,74.0,C,8.64,6.02,8.22,Pass,2,5.2,6.2,5.6,Yes,50,Yes,Medium,High,Low,2,Auditory,5,1,15,3.28,53,53,Traditional,3.68,10,13,7,4,No,5,ROLL0005,MCA,BCA,2025-26,CS255,84.3,32,42,6.02,Male,23,7.1
6,ROLL0006,REG20260006,UNI001,COL001,MCA,B.Tech,Cloud,Female,2003-02-15,23,ST,Yes,Haryana,Indian,2-5L,12th,Self-employed,No,No,Government,94.59,State Board,89.35,ICSE,Science,125,4380,Merit,0,2025-26,2,CS251,Data Structures,Core,3,1.38,FAC001,48,57,77.7,Shortage,30,91,88.69,0,1,99.81,75.53,80.43,22,24,83,Downward,46,20,42,70,70.0,C,9.04,8.11,9.33,Fail,2,7.1,6.6,4.7,Yes,57,Yes,High,Low,Low,5,Auditory,8,2,10,4.05,42,74,Traditional,4.27,4,9,2,0,Yes,6,ROLL0006,MCA,MCA,2025-26,CS246,92.48,24,46,8.11,Male,23,5.4
7,ROLL0007,REG20260007,UNI001,COL001,IT,MCA,AI,Female,2000-03-14,26,General,Yes,Punjab,Indian,5-10L,Postgraduate,Farmer,Yes,No,Private,96.89,CBSE,81.46,State Board,Commerce,157,3493,Management,2,2025-26,3,CS157,Data Structures,Elective,5,2.19,FAC005,40,40,62.42,Regular,22,30,91.9,4,6,60.65,93.13,92.24,29,36,22,Downward,46,26,49,82,82.0,A,6.69,6.05,6.56,Pass,1,3.7,7.1,4.5,Yes,26,Yes,High,Medium,Medium,8,Kinesthetic,9,8,13,4.04,42,83,Traditional,3.25,9,12,1,5,Yes,7,ROLL0007,BCA,BCA,2025-26,CS353,80.81,36,46,6.05,Female,26,2.1
8,ROLL0008,REG20260008,UNI001,COL001,IT,B.Tech,AI,Male,2002-04-22,24,General,No,Haryana,Indian,2-5L,Postgraduate,Self-employed,Yes,Yes,Private,67.81,CBSE,87.96,State Board,Arts,71,3493,Entrance,1,2025-26,4,CS459,Python,Elective,3,1.11,FAC008,58,51,69.19,Shortage,19,72,84.87,0,15,87.2,73.27,91.97,29,20,43,Stable,47,28,51,67,67.0,A,8.32,6.74,9.26,Fail,3,6.1,6.4,2.3,No,13,Yes,High,Medium,Medium,1,Kinesthetic,6,3,11,4.97,30,78,Traditional,4.57,10,10,0,3,Yes,8,ROLL0008,CSE,MCA,2025-26,CS157,66.47,20,47,6.74,Female,24,6.1
9,ROLL0009,REG20260009,UNI001,COL001,ECE,B.Tech,Software Engg,Female,2000-12-24,26,General,Yes,Bihar,Indian,10L+,12th,Farmer,No,No,Private,70.99,CBSE,69.94,State Board,Science,138,3699,Merit,0,2025-26,6,CS457,ML,Elective,3,2.61,FAC005,48,53,81.53,Regular,20,102,75.1,4,7,89.14,53.28,56.12,20,40,6,Upward,40,33,50,80,80.0,B,8.24,9.4,7.33,Fail,3,5.9,7.4,5.0,No,6,Yes,High,High,Low,10,Auditory,4,2,24,3.8,44,113,Traditional,4.95,4,14,2,3,No,9,ROLL0009,MCA,BCA,2025-26,CS320,61.61,40,40,9.4,Female,26,3.7
10,ROLL0010,REG20260010,UNI001,COL001,IT,MCA,DS,Male,2004-09-21,22,SC,No,Haryana,Indian,0-2L,Postgraduate,Business,Yes,No,Private,64.18,ICSE,83.66,State Board,Arts,60,2954,Management,0,2025-26,2,CS124,Data Structures,Elective,2,1.12,FAC017,47,55,74.43,Shortage,16,87,78.07,4,15,96.32,50.23,80.69,16,32,24,Upward,48,35,58,80,80.0,A,8.6,6.66,7.61,Pass,1,6.6,6.6,3.7,Yes,40,Yes,High,High,High,10,Visual,2,8,16,3.57,20,47,Hybrid,3.05,1,7,2,0,Yes,10,ROLL0010,MCA,BCA,2025-26,CS369,85.65,32,48,6.66,Male,22,2.5
11,ROLL0011,REG20260011,UNI001,COL001,ECE,B.Tech,Cloud,Female,2002-10-30,24,ST,No,Haryana,Indian,0-2L,12th,Farmer,Yes,Yes,Private,84.38,ICSE,85.83,CBSE,Arts,78,1146,Entrance,1,2025-26,6,CS479,DBMS,Core,5,2.57,FAC002,47,50,65.62,Regular,26,49,72.18,5,16,97.7,65.26,72.93,21,34,96,Upward,60,32,44,94,94.0,B,9.7,7.61,6.81,Fail,0,6.0,7.1,4.1,No,35,No,Medium,High,Medium,6,Auditory,8,9,20,4.25,27,30,Traditional,3.87,7,11,3,1,No,11,ROLL0011,IT,BCA,2025-26,CS417,80.37,34,60,7.61,Male,24,3.9
12,ROLL0012,REG20260012,UNI001,COL001,BCA,B.Tech,AI,Female,2001-10-30,25,OBC,Yes,Haryana,Indian,2-5L,Graduate,Self-employed,No,Yes,Private,75.23,CBSE,92.25,State Board,Arts,187,610,Entrance,1,2025-26,6,CS191,Python,Elective,4,1.2,FAC002,52,36,74.52,Shortage,28,107,70.57,0,1,89.27,54.99,51.89,19,21,78,Downward,51,36,52,72,72.0,C,6.42,7.49,8.47,Fail,0,7.2,5.1,4.6,No,50,No,Low,Low,Medium,4,Auditory,3,4,20,3.21,45,111,Online,3.41,3,20,3,1,Yes,12,ROLL0012,IT,BCA,2025-26,CS483,90.24,21,51,7.49,Male,25,6.9
13,ROLL0013,REG20260013,UNI001,COL001,CSE,MCA,Cyber Security,Female,2002-02-15,24,General,No,Bihar,Indian,5-10L,Graduate,Business,No,No,Government,96.68,ICSE,72.76,State Board,Arts,152,447,Entrance,1,2025-26,6,CS312,ML,Core,2,1.61,FAC001,43,36,80.16,Regular,7,83,94.22,2,9,80.98,64.61,58.88,17,38,59,Upward,47,35,48,85,85.0,D,8.7,9.01,8.09,Fail,1,7.0,5.2,5.0,No,25,Yes,Medium,High,Low,10,Kinesthetic,7,7,11,3.96,50,50,Online,3.44,2,15,0,3,No,13,ROLL0013,ECE,MCA,2025-26,CS309,97.67,38,47,9.01,Female,24,6.7
14,ROLL0014,REG20260014,UNI001,COL001,MCA,MCA,Software Engg,Female,2002-08-27,24,OBC,No,Delhi,Indian,5-10L,12th,Business,Yes,No,Private,63.46,CBSE,60.45,State Board,Commerce,165,2433,Management,0,2025-26,4,CS482,OS,Elective,3,3.34,FAC018,47,48,96.06,Shortage,24,90,98.14,1,6,92.05,75.5,56.61,30,20,24,Downward,59,28,50,79,79.0,B,9.44,8.17,6.76,Pass,0,7.9,5.3,2.3,Yes,8,No,Low,Low,High,8,Kinesthetic,7,6,10,4.98,35,43,Traditional,3.39,7,5,10,3,No,14,ROLL0014,MCA,BCA,2025-26,CS396,75.83,20,59,8.17,Female,24,6.6
15,ROLL0015,REG20260015,UNI001,COL001,MCA,BCA,Cyber Security,Female,2002-12-25,24,OBC,No,Haryana,Indian,5-10L,Postgraduate,Self-employed,No,No,Government,72.31,ICSE,74.69,ICSE,Arts,114,490,Entrance,2,2025-26,2,CS219,ML,Elective,5,2.81,FAC007,49,59,63.83,Regular,16,99,92.94,4,18,82.67,59.53,78.28,29,40,28,Downward,46,40,51,86,86.0,C,7.57,8.19,9.78,Pass,1,4.9,6.1,2.9,Yes,53,Yes,High,Medium,Medium,3,Visual,6,9,18,3.81,35,115,Traditional,3.84,9,18,7,5,Yes,15,ROLL0015,BCA,B.Tech,2025-26,CS226,63.22,40,46,8.19,Male,24,6.4
16,ROLL0016,REG20260016,UNI001,COL001,ECE,B.Tech,Cyber Security,Male,2003-06-16,23,OBC,Yes,Delhi,Indian,5-10L,10th,Farmer,No,Yes,Private,86.68,CBSE,83.0,ICSE,Science,73,3032,Entrance,0,2025-26,3,CS220,OS,Elective,2,2.58,FAC016,43,37,80.89,Shortage,5,120,81.74,2,5,79.08,86.29,75.56,16,20,20,Upward,43,25,56,63,63.0,B,7.19,7.65,7.41,Pass,2,3.7,5.7,5.9,Yes,56,Yes,High,Medium,Low,2,Kinesthetic,5,2,14,4.24,35,119,Hybrid,3.09,8,6,1,0,Yes,16,ROLL0016,ECE,B.Tech,2025-26,CS329,86.42,20,43,7.65,Male,23,4.6
17,ROLL0017,REG20260017,UNI001,COL001,IT,MCA,Software Engg,Male,2003-11-16,23,OBC,Yes,Delhi,Indian,5-10L,12th,Business,No,Yes,None,86.29,CBSE,71.1,CBSE,Arts,74,1775,Entrance,0,2025-26,6,CS487,OS,Core,2,4.42,FAC007,50,43,98.72,Regular,5,56,74.64,0,9,77.22,92.65,65.52,28,30,7,Downward,58,40,44,88,88.0,A,9.89,7.72,6.94,Fail,3,2.9,7.7,5.3,Yes,10,No,Low,High,High,7,Visual,10,10,8,4.27,46,109,Hybrid,4.43,2,12,6,1,Yes,17,ROLL0017,IT,BCA,2025-26,CS315,76.66,30,58,7.72,Male,23,4.1
18,ROLL0018,REG20260018,UNI001,COL001,ECE,MCA,Cloud,Male,2005-02-01,21,OBC,Yes,Bihar,Indian,2-5L,Postgraduate,Farmer,Yes,Yes,Private,78.8,CBSE,92.09,CBSE,Science,142,4355,Entrance,2,2025-26,2,CS327,OS,Elective,3,1.41,FAC016,43,31,64.38,Regular,18,83,86.85,4,7,82.87,86.86,84.77,22,38,54,Stable,52,22,59,90,90.0,D,8.26,8.12,7.45,Pass,3,2.5,6.9,2.3,No,32,No,Medium,Low,Medium,5,Auditory,2,10,10,3.09,28,53,Traditional,4.59,2,13,6,2,Yes,18,ROLL0018,MCA,MCA,2025-26,CS385,69.46,38,52,8.12,Male,21,2.7
19,ROLL0019,REG20260019,UNI001,COL001,ECE,B.Tech,DS,Female,2005-01-10,21,General,Yes,UP,Indian,2-5L,Postgraduate,Farmer,No,No,Government,86.93,CBSE,93.61,State Board,Science,190,3273,Merit,0,2025-26,1,CS267,DBMS,Elective,3,4.6,FAC019,47,37,72.44,Shortage,12,79,92.27,2,13,87.15,75.67,60.65,30,32,37,Downward,42,21,56,74,74.0,C,9.08,6.28,8.08,Pass,3,3.1,6.7,3.7,Yes,55,No,Low,Low,High,2,Auditory,1,6,14,3.55,54,90,Hybrid,3.08,2,20,1,5,No,19,ROLL0019,CSE,B.Tech,2025-26,CS354,86.05,32,42,6.28,Male,21,5.2
20,ROLL0020,REG20260020,UNI001,COL001,ECE,B.Tech,AI,Male,2000-10-02,26,General,No,UP,Indian,5-10L,12th,Service,Yes,Yes,None,94.98,ICSE,96.95,CBSE,Commerce,59,1496,Management,2,2025-26,6,CS394,ML,Elective,2,2.05,FAC007,47,58,70.27,Shortage,15,101,84.25,1,12,63.86,59.38,77.36,21,21,41,Stable,54,23,59,75,75.0,D,7.53,9.64,7.79,Pass,1,5.5,7.1,4.0,No,54,Yes,High,High,High,10,Kinesthetic,6,7,7,4.2,54,47,Traditional,4.52,3,14,9,4,Yes,20,ROLL0020,BCA,MCA,2025-26,CS489,75.07,21,54,9.64,Male,26,3.2
21,ROLL0021,REG20260021,UNI001,COL001,ECE,BCA,DS,Male,2002-06-26,24,OBC,Yes,Punjab,Indian,0-2L,12th,Self-employed,No,Yes,Government,86.14,ICSE,82.16,State Board,Arts,167,358,Entrance,0,2025-26,3,CS183,Data Structures,Core,2,4.04,FAC013,49,40,88.67,Shortage,6,27,98.08,1,3,65.3,73.06,65.59,19,26,17,Stable,45,20,49,71,71.0,D,9.52,8.21,6.23,Fail,1,2.7,7.6,5.9,No,39,Yes,High,Medium,High,3,Visual,2,7,25,4.93,24,31,Online,4.91,2,14,7,1,No,21,ROLL0021,BCA,BCA,2025-26,CS235,63.08,26,45,8.21,Male,24,6.3
22,ROLL0022,REG20260022,UNI001,COL001,BCA,BCA,Cloud,Male,2005-02-04,21,ST,No,Delhi,Indian,0-2L,10th,Self-employed,Yes,No,Private,74.01,State Board,67.88,State Board,Science,95,2663,Entrance,1,2025-26,1,CS427,ML,Elective,5,2.9,FAC003,44,44,80.81,Regular,23,119,85.13,3,13,100.0,57.23,94.87,30,40,27,Stable,44,31,40,84,84.0,C,8.38,9.33,7.03,Fail,2,7.8,7.4,2.1,Yes,21,Yes,Medium,Low,Medium,6,Kinesthetic,6,6,22,4.29,33,77,Hybrid,4.42,8,13,7,0,Yes,22,ROLL0022,MCA,BCA,2025-26,CS304,93.64,40,44,9.33,Female,21,5.1
23,ROLL0023,REG20260023,UNI001,COL001,CSE,MCA,Cloud,Male,2004-02-27,22,OBC,No,UP,Indian,10L+,Postgraduate,Self-employed,Yes,No,Private,75.16,ICSE,77.79,CBSE,Arts,140,1464,Entrance,0,2025-26,3,CS428,DBMS,Core,5,1.63,FAC008,44,39,80.6,Regular,17,115,82.69,2,20,91.84,76.43,88.42,22,39,71,Stable,54,27,44,93,93.0,A,6.82,7.06,7.67,Pass,1,2.9,5.5,3.0,No,43,Yes,Low,High,Low,8,Auditory,1,10,9,4.11,40,59,Traditional,3.84,3,18,3,0,Yes,23,ROLL0023,BCA,B.Tech,2025-26,CS210,66.79,39,54,7.06,Female,22,7.0
24,ROLL0024,REG20260024,UNI001,COL001,MCA,MCA,Cyber Security,Male,2000-04-05,26,OBC,No,Delhi,Indian,5-10L,Postgraduate,Service,Yes,Yes,None,66.5,CBSE,71.9,State Board,Commerce,87,1290,Merit,0,2025-26,2,CS129,ML,Core,2,1.79,FAC011,58,37,86.12,Shortage,12,90,82.56,0,15,82.7,56.51,89.65,24,37,8,Stable,44,23,54,81,81.0,C,7.41,8.18,9.63,Fail,2,2.4,6.9,3.7,Yes,25,No,Low,Low,Medium,9,Kinesthetic,7,5,8,4.68,51,40,Online,3.53,7,14,4,5,Yes,24,ROLL0024,CSE,BCA,2025-26,CS151,82.48,37,44,8.18,Male,26,3.5
25,ROLL0025,REG20260025,UNI001,COL001,BCA,MCA,AI,Female,2003-11-23,23,SC,No,Delhi,Indian,10L+,Postgraduate,Self-employed,Yes,Yes,Government,67.4,ICSE,75.49,CBSE,Arts,89,4865,Entrance,1,2025-26,3,CS266,OS,Core,2,3.09,FAC010,42,33,94.25,Regular,10,38,75.91,1,11,77.61,70.05,88.0,20,40,39,Downward,44,33,50,84,84.0,D,8.2,6.8,7.94,Fail,1,3.0,7.6,3.8,Yes,54,No,Low,High,High,2,Visual,1,7,23,4.0,27,34,Traditional,4.23,1,9,1,3,Yes,25,ROLL0025,IT,BCA,2025-26,CS259,71.91,40,44,6.8,Male,23,6.7
26,ROLL0026,REG20260026,UNI001,COL001,MCA,B.Tech,Software Engg,Male,2005-01-26,21,ST,No,Bihar,Indian,0-2L,12th,Farmer,Yes,Yes,Government,63.02,CBSE,86.07,State Board,Science,109,1130,Merit,0,2025-26,5,CS139,ML,Core,2,3.42,FAC009,51,46,92.65,Regular,17,47,98.62,1,2,68.02,80.0,93.0,19,32,86,Upward,54,34,51,86,86.0,C,9.93,7.53,9.25,Fail,0,4.5,8.0,4.4,Yes,36,No,Low,High,Low,4,Auditory,9,1,11,4.15,59,114,Traditional,4.23,8,7,8,3,Yes,26,ROLL0026,ECE,MCA,2025-26,CS457,79.85,32,54,7.53,Male,21,7.7
27,ROLL0027,REG20260027,UNI001,COL001,BCA,BCA,Software Engg,Male,2000-07-23,26,ST,No,Haryana,Indian,2-5L,Graduate,Business,Yes,Yes,Private,97.5,State Board,60.85,ICSE,Science,164,185,Entrance,1,2025-26,2,CS494,Data Structures,Elective,4,2.13,FAC008,60,33,60.68,Shortage,8,74,77.17,0,11,69.77,79.24,87.49,30,39,14,Stable,56,21,47,95,95.0,D,7.04,7.56,7.03,Fail,0,3.8,5.9,5.2,No,57,Yes,Medium,Low,High,1,Auditory,8,10,5,4.8,32,73,Online,3.16,10,9,0,1,Yes,27,ROLL0027,BCA,B.Tech,2025-26,CS260,72.83,39,56,7.56,Male,26,5.8
28,ROLL0028,REG20260028,UNI001,COL001,ECE,B.Tech,AI,Female,2005-01-04,21,SC,No,Delhi,Indian,5-10L,10th,Self-employed,No,Yes,None,90.61,CBSE,97.82,State Board,Commerce,134,3888,Entrance,1,2025-26,6,CS447,OS,Core,5,4.52,FAC020,47,54,91.4,Regular,11,66,90.86,0,20,60.68,93.66,71.39,26,37,46,Downward,43,22,44,80,80.0,C,6.28,9.37,8.49,Pass,3,4.4,7.8,3.6,Yes,10,Yes,Low,High,Medium,9,Kinesthetic,2,3,21,4.79,30,92,Traditional,3.85,9,14,0,4,No,28,ROLL0028,MCA,BCA,2025-26,CS160,95.5,37,43,9.37,Female,21,3.3
29,ROLL0029,REG20260029,UNI001,COL001,MCA,B.Tech,Software Engg,Female,2001-09-08,25,OBC,No,UP,Indian,5-10L,10th,Self-employed,Yes,No,Government,66.02,ICSE,70.93,ICSE,Science,120,3375,Entrance,0,2025-26,4,CS201,DBMS,Elective,2,3.82,FAC012,40,32,95.95,Regular,28,37,99.49,5,14,83.06,80.56,67.73,23,21,3,Stable,59,34,50,80,80.0,A,9.98,9.62,8.63,Pass,0,5.1,6.1,5.9,Yes,28,Yes,Low,High,Medium,4,Kinesthetic,5,1,5,3.25,48,66,Online,4.79,8,7,4,1,No,29,ROLL0029,IT,BCA,2025-26,CS311,90.13,21,59,9.62,Female,25,4.0
30,ROLL0030,REG20260030,UNI001,COL001,MCA,MCA,AI,Male,2002-12-25,24,OBC,No,Punjab,Indian,0-2L,Postgraduate,Self-employed,Yes,No,Government,71.35,State Board,77.61,CBSE,Commerce,188,2024,Merit,0,2025-26,3,CS484,Python,Core,2,1.42,FAC008,50,43,64.15,Regular,12,65,88.73,0,19,75.6,93.64,87.01,23,33,98,Upward,43,31,51,76,76.0,D,7.79,6.32,6.32,Fail,3,6.3,7.7,6.0,No,59,No,High,Low,High,4,Visual,3,7,6,3.51,37,30,Online,4.3,10,14,10,2,Yes,30,ROLL0030,MCA,MCA,2025-26,CS356,82.3,33,43,6.32,Male,24,6.5
31,ROLL0031,REG20260031,UNI001,COL001,IT,MCA,Cyber Security,Female,2003-10-25,23,OBC,No,Delhi,Indian,0-2L,10th,Self-employed,Yes,Yes,Government,93.37,ICSE,60.2,State Board,Science,54,3410,Entrance,1,2025-26,5,CS114,DBMS,Core,2,3.25,FAC009,44,40,68.72,Shortage,18,28,72.72,1,0,92.35,93.69,57.28,26,32,94,Stable,49,24,50,81,81.0,D,9.05,8.35,8.75,Pass,2,6.1,7.8,3.3,Yes,56,Yes,High,Medium,Low,9,Kinesthetic,5,2,10,3.19,46,64,Traditional,4.58,1,10,6,4,No,31,ROLL0031,CSE,MCA,2025-26,CS199,88.65,32,49,8.35,Male,23,4.8
32,ROLL0032,REG20260032,UNI001,COL001,BCA,B.Tech,DS,Female,2002-10-17,24,SC,No,Haryana,Indian,5-10L,Graduate,Business,Yes,Yes,None,66.66,State Board,87.85,CBSE,Arts,141,1126,Entrance,1,2025-26,3,CS198,Python,Core,4,1.72,FAC003,54,35,72.46,Shortage,20,117,70.38,2,9,81.85,91.74,74.93,24,26,91,Downward,44,30,55,70,70.0,B,8.86,7.36,7.69,Fail,0,7.9,5.4,4.4,No,32,No,High,Medium,Medium,3,Visual,4,6,19,4.82,51,46,Online,3.17,3,5,6,1,Yes,32,ROLL0032,BCA,B.Tech,2025-26,CS269,88.63,26,44,7.36,Female,24,6.9
33,ROLL0033,REG20260033,UNI001,COL001,BCA,MCA,Cloud,Female,2005-06-12,21,SC,Yes,Bihar,Indian,0-2L,10th,Self-employed,No,Yes,None,75.54,CBSE,67.83,ICSE,Commerce,92,424,Management,2,2025-26,3,CS397,Data Structures,Core,5,3.89,FAC001,54,37,78.53,Regular,21,100,78.89,1,16,90.54,66.36,79.46,17,29,83,Downward,48,20,47,77,77.0,D,9.41,6.65,7.76,Fail,2,2.4,7.0,4.7,Yes,26,Yes,Medium,Medium,High,3,Auditory,7,5,25,4.08,60,60,Hybrid,3.13,2,10,1,3,Yes,33,ROLL0033,BCA,B.Tech,2025-26,CS112,79.16,29,48,6.65,Female,21,7.2
34,ROLL0034,REG20260034,UNI001,COL001,BCA,B.Tech,DS,Male,2000-12-29,26,ST,No,Punjab,Indian,10L+,Postgraduate,Business,No,No,Government,76.86,ICSE,69.11,State Board,Science,119,3454,Management,1,2025-26,5,CS112,Python,Core,4,4.86,FAC012,56,49,69.75,Shortage,8,80,78.79,0,7,76.21,91.16,60.55,15,32,37,Stable,55,26,58,87,87.0,B,7.57,9.01,8.29,Pass,0,4.4,7.5,3.6,No,15,Yes,High,Low,High,7,Auditory,3,2,21,3.35,59,65,Traditional,4.85,9,20,0,1,No,34,ROLL0034,IT,BCA,2025-26,CS403,61.75,32,55,9.01,Male,26,4.9
35,ROLL0035,REG20260035,UNI001,COL001,BCA,BCA,AI,Male,2002-07-24,24,SC,Yes,Haryana,Indian,5-10L,Postgraduate,Business,Yes,No,None,93.59,State Board,77.14,State Board,Commerce,65,4117,Entrance,2,2025-26,1,CS371,OS,Elective,4,4.38,FAC009,58,58,95.85,Regular,13,64,72.82,1,1,69.35,84.3,73.4,16,37,22,Stable,47,30,42,84,84.0,C,7.27,7.85,9.75,Fail,1,3.0,6.2,3.6,Yes,22,Yes,Low,Medium,Low,9,Visual,5,3,10,3.59,50,106,Traditional,3.52,4,19,7,4,Yes,35,ROLL0035,MCA,MCA,2025-26,CS368,94.63,37,47,7.85,Female,24,4.0
36,ROLL0036,REG20260036,UNI001,COL001,BCA,B.Tech,Cloud,Male,2002-09-07,24,OBC,Yes,Haryana,Indian,5-10L,10th,Farmer,Yes,No,None,82.06,CBSE,73.93,ICSE,Arts,129,3590,Merit,2,2025-26,2,CS428,OS,Elective,4,2.62,FAC009,57,44,77.08,Regular,23,79,76.9,0,15,74.06,91.86,55.77,27,27,27,Stable,50,31,47,77,77.0,A,6.92,7.49,7.44,Pass,2,7.9,7.7,4.7,No,46,Yes,Low,High,Medium,10,Visual,3,8,7,4.45,33,92,Traditional,4.31,2,8,2,2,No,36,ROLL0036,MCA,BCA,2025-26,CS456,87.01,27,50,7.49,Male,24,2.5
37,ROLL0037,REG20260037,UNI001,COL001,MCA,MCA,Cyber Security,Male,2001-07-24,25,SC,No,UP,Indian,5-10L,10th,Self-employed,No,No,None,77.77,State Board,71.46,State Board,Science,117,2836,Entrance,2,2025-26,3,CS173,OS,Elective,2,3.28,FAC007,58,38,67.33,Shortage,26,20,78.5,5,17,78.61,63.73,59.52,19,32,24,Stable,59,29,55,91,91.0,A,9.69,8.33,6.1,Fail,0,5.6,7.5,4.3,Yes,31,Yes,High,High,Low,9,Auditory,7,4,21,4.26,30,83,Hybrid,3.87,9,10,10,1,Yes,37,ROLL0037,BCA,B.Tech,2025-26,CS278,87.36,32,59,8.33,Female,25,4.3
38,ROLL0038,REG20260038,UNI001,COL001,IT,BCA,AI,Male,2003-01-02,23,General,No,Punjab,Indian,5-10L,Graduate,Service,Yes,Yes,None,80.77,State Board,63.55,CBSE,Arts,183,2285,Merit,2,2025-26,1,CS366,DBMS,Elective,5,1.17,FAC012,55,38,82.7,Shortage,5,55,91.52,0,0,78.71,82.19,65.42,30,35,86,Downward,52,39,53,87,87.0,C,7.27,7.74,9.68,Fail,3,2.0,6.1,5.7,No,38,Yes,High,Low,High,10,Kinesthetic,9,1,19,4.99,20,93,Online,4.56,10,8,5,1,No,38,ROLL0038,CSE,MCA,2025-26,CS495,88.92,35,52,7.74,Male,23,5.2
39,ROLL0039,REG20260039,UNI001,COL001,ECE,BCA,Software Engg,Male,2002-05-25,24,OBC,No,Haryana,Indian,10L+,12th,Service,Yes,Yes,Private,67.84,ICSE,92.52,ICSE,Commerce,102,2004,Management,2,2025-26,6,CS498,DBMS,Core,3,3.55,FAC011,58,39,62.68,Shortage,15,59,98.92,0,11,93.95,78.34,54.19,28,32,52,Stable,57,28,43,89,89.0,B,9.1,8.92,9.14,Fail,3,6.4,7.3,5.5,Yes,39,No,Low,High,Medium,2,Visual,3,6,6,3.5,22,70,Online,4.92,7,20,7,5,No,39,ROLL0039,BCA,B.Tech,2025-26,CS353,86.62,32,57,8.92,Male,24,7.9
40,ROLL0040,REG20260040,UNI001,COL001,CSE,B.Tech,DS,Male,2002-07-06,24,General,Yes,Haryana,Indian,0-2L,Graduate,Service,No,No,Private,88.34,State Board,68.4,ICSE,Arts,135,899,Entrance,2,2025-26,2,CS182,Data Structures,Core,3,4.66,FAC010,60,46,96.17,Shortage,29,80,91.54,2,18,85.56,58.2,54.33,28,22,22,Downward,40,27,45,62,62.0,B,8.4,9.01,7.37,Pass,2,4.2,5.8,5.8,No,53,No,Medium,Low,Low,7,Auditory,9,1,7,4.57,35,64,Hybrid,4.42,2,10,10,2,No,40,ROLL0040,ECE,MCA,2025-26,CS359,80.8,22,40,9.01,Male,24,5.5
41,ROLL0041,REG20260041,UNI001,COL001,IT,BCA,AI,Male,2000-12-03,26,General,Yes,Haryana,Indian,0-2L,10th,Farmer,No,Yes,Private,96.6,CBSE,94.41,ICSE,Commerce,189,857,Management,0,2025-26,5,CS415,Data Structures,Elective,4,3.46,FAC011,51,44,96.06,Regular,7,74,98.1,4,15,78.55,92.69,76.36,18,24,60,Upward,40,25,59,64,64.0,D,8.25,7.51,7.13,Fail,0,5.0,6.5,4.4,Yes,45,Yes,Low,Medium,Low,2,Visual,2,2,14,3.18,40,108,Hybrid,3.89,5,18,0,0,No,41,ROLL0041,BCA,B.Tech,2025-26,CS183,63.54,24,40,7.51,Male,26,2.2
42,ROLL0042,REG20260042,UNI001,COL001,CSE,MCA,Cyber Security,Female,2002-10-03,24,General,Yes,Delhi,Indian,5-10L,12th,Farmer,Yes,No,None,77.52,State Board,71.28,ICSE,Science,83,4839,Entrance,0,2025-26,5,CS488,ML,Elective,2,3.66,FAC003,46,31,74.59,Shortage,19,40,70.85,0,14,83.75,67.99,53.19,26,28,61,Downward,41,35,60,69,69.0,B,7.95,6.64,6.6,Fail,1,4.9,6.5,5.7,Yes,36,Yes,Low,Low,High,8,Auditory,6,10,5,3.97,60,96,Hybrid,4.62,3,20,3,4,No,42,ROLL0042,BCA,MCA,2025-26,CS162,84.76,28,41,6.64,Female,24,2.2
43,ROLL0043,REG20260043,UNI001,COL001,ECE,MCA,Cloud,Male,2000-05-06,26,SC,No,UP,Indian,2-5L,12th,Self-employed,No,Yes,Government,86.35,CBSE,97.74,CBSE,Arts,135,3423,Entrance,0,2025-26,1,CS170,OS,Core,2,3.25,FAC019,41,52,96.55,Regular,12,93,87.94,5,10,84.13,89.39,52.98,24,37,91,Upward,55,33,55,92,92.0,A,9.77,6.92,7.56,Fail,1,4.2,6.9,2.1,Yes,51,No,Medium,Medium,High,10,Auditory,10,1,12,3.51,58,105,Online,3.23,4,20,1,1,Yes,43,ROLL0043,CSE,B.Tech,2025-26,CS121,96.36,37,55,6.92,Female,26,3.4
44,ROLL0044,REG20260044,UNI001,COL001,CSE,B.Tech,Software Engg,Male,2004-07-05,22,ST,No,UP,Indian,5-10L,Graduate,Service,Yes,Yes,None,69.55,State Board,79.87,State Board,Commerce,99,1263,Entrance,1,2025-26,3,CS294,OS,Elective,5,2.12,FAC004,40,45,84.57,Regular,28,49,89.76,0,18,98.03,87.39,54.59,16,38,51,Stable,59,34,57,97,97.0,A,9.24,7.59,7.96,Fail,0,7.8,7.0,4.3,Yes,33,No,High,Medium,Medium,1,Visual,4,6,8,4.49,37,46,Online,4.15,10,15,0,5,Yes,44,ROLL0044,MCA,MCA,2025-26,CS495,60.65,38,59,7.59,Male,22,6.6
45,ROLL0045,REG20260045,UNI001,COL001,BCA,BCA,DS,Male,2004-10-04,22,ST,No,Delhi,Indian,5-10L,Graduate,Self-employed,Yes,Yes,None,77.3,ICSE,66.95,CBSE,Arts,154,1163,Management,0,2025-26,1,CS294,Data Structures,Elective,2,2.73,FAC013,59,41,70.17,Shortage,28,31,79.48,2,4,63.82,70.91,86.71,22,32,44,Stable,49,33,43,81,81.0,C,8.86,6.77,7.68,Fail,1,7.1,7.9,3.6,Yes,37,Yes,Medium,Low,High,2,Visual,6,1,23,3.46,25,59,Online,3.11,3,14,9,5,No,45,ROLL0045,CSE,BCA,2025-26,CS180,91.09,32,49,6.77,Female,22,3.2
46,ROLL0046,REG20260046,UNI001,COL001,MCA,BCA,Software Engg,Female,2004-10-23,22,OBC,No,Haryana,Indian,0-2L,10th,Self-employed,No,No,Government,94.14,CBSE,81.71,CBSE,Arts,80,4728,Entrance,2,2025-26,4,CS157,Python,Core,4,4.5,FAC002,53,41,88.23,Regular,20,117,93.24,0,10,83.48,87.16,92.17,25,24,29,Downward,46,33,50,70,70.0,D,6.22,7.73,8.08,Pass,0,5.7,6.0,4.2,Yes,23,No,Low,High,High,8,Auditory,2,9,17,4.14,40,33,Hybrid,4.09,5,11,0,0,Yes,46,ROLL0046,BCA,MCA,2025-26,CS418,99.55,24,46,7.73,Male,22,2.1
47,ROLL0047,REG20260047,UNI001,COL001,ECE,MCA,Software Engg,Male,2005-02-19,21,ST,Yes,UP,Indian,2-5L,Postgraduate,Business,No,No,None,95.22,State Board,77.53,CBSE,Commerce,151,1057,Merit,0,2025-26,1,CS328,Python,Core,5,1.98,FAC008,54,40,82.21,Shortage,17,25,90.63,5,5,81.2,60.64,72.67,22,22,93,Stable,53,22,44,75,75.0,D,8.6,7.19,7.01,Fail,0,6.9,6.0,3.8,Yes,35,No,Low,Medium,Medium,10,Auditory,3,5,8,3.12,47,93,Traditional,4.75,2,16,7,0,Yes,47,ROLL0047,ECE,BCA,2025-26,CS180,78.61,22,53,7.19,Female,21,2.9
48,ROLL0048,REG20260048,UNI001,COL001,IT,MCA,AI,Female,2000-11-15,26,SC,Yes,UP,Indian,0-2L,12th,Business,Yes,No,Private,76.82,ICSE,97.16,CBSE,Science,77,2402,Merit,2,2025-26,6,CS313,DBMS,Elective,4,1.52,FAC010,58,48,62.57,Shortage,15,100,79.01,5,16,64.2,55.19,51.55,20,26,90,Downward,60,21,52,86,86.0,B,6.32,8.66,9.63,Fail,0,6.7,5.3,4.4,Yes,17,Yes,Medium,Low,Low,8,Kinesthetic,5,1,11,4.51,24,68,Online,3.72,2,11,9,0,No,48,ROLL0048,CSE,B.Tech,2025-26,CS438,72.81,26,60,8.66,Male,26,7.1
49,ROLL0049,REG20260049,UNI001,COL001,CSE,BCA,Cloud,Male,2005-05-24,21,OBC,Yes,UP,Indian,0-2L,12th,Service,No,Yes,None,64.25,CBSE,91.96,ICSE,Arts,50,1012,Management,0,2025-26,3,CS449,ML,Elective,5,3.44,FAC002,55,32,89.84,Shortage,7,90,94.58,2,13,66.7,69.04,74.88,16,36,32,Upward,55,23,40,91,91.0,C,6.04,9.72,9.57,Pass,2,2.4,8.0,5.8,No,11,No,High,High,Low,2,Auditory,3,2,21,4.9,44,82,Traditional,4.55,9,16,4,2,Yes,49,ROLL0049,IT,B.Tech,2025-26,CS106,61.62,36,55,9.72,Male,21,7.7
50,ROLL0050,REG20260050,UNI001,COL001,CSE,B.Tech,Cloud,Female,2002-11-12,24,ST,Yes,Punjab,Indian,2-5L,Postgraduate,Farmer,Yes,Yes,Government,69.06,State Board,68.93,ICSE,Arts,150,3727,Entrance,1,2025-26,1,CS184,ML,Core,2,4.73,FAC008,45,33,83.63,Regular,22,73,81.44,2,1,90.71,51.98,85.28,26,32,56,Downward,51,24,58,83,83.0,C,8.41,8.21,6.87,Pass,3,7.2,5.9,3.0,No,24,No,High,Low,Low,1,Auditory,6,8,12,4.74,30,68,Traditional,4.31,7,16,9,1,Yes,50,ROLL0050,BCA,BCA,2025-26,CS499,87.39,32,51,8.21,Female,24,6.8
51,ROLL0051,REG20260051,UNI001,COL001,MCA,MCA,Software Engg,Male,2003-09-09,23,SC,Yes,Punjab,Indian,10L+,10th,Self-employed,No,Yes,Private,75.01,CBSE,96.09,ICSE,Commerce,156,2695,Management,2,2025-26,6,CS498,Python,Elective,4,1.51,FAC004,42,33,92.78,Shortage,27,49,93.96,4,10,78.55,71.23,76.89,28,21,47,Upward,53,29,49,74,74.0,C,7.81,6.52,8.0,Fail,0,6.4,7.3,4.1,No,14,Yes,High,Low,Medium,10,Auditory,10,2,22,3.73,21,62,Online,3.85,8,5,3,1,No,51,ROLL0051,MCA,B.Tech,2025-26,CS271,78.54,21,53,6.52,Male,23,5.6
52,ROLL0052,REG20260052,UNI001,COL001,ECE,B.Tech,Software Engg,Female,2002-07-20,24,OBC,No,UP,Indian,2-5L,10th,Self-employed,No,Yes,Private,69.82,ICSE,88.43,ICSE,Arts,146,561,Management,2,2025-26,2,CS397,OS,Core,3,4.89,FAC009,41,30,69.73,Shortage,18,39,84.52,2,6,75.95,70.63,64.71,24,30,40,Downward,53,25,43,83,83.0,A,9.29,6.92,7.43,Fail,1,2.6,5.9,4.9,No,39,No,Low,High,High,8,Kinesthetic,4,4,7,4.16,54,36,Hybrid,3.43,2,17,8,5,Yes,52,ROLL0052,IT,B.Tech,2025-26,CS329,98.92,30,53,6.92,Male,24,7.5
53,ROLL0053,REG20260053,UNI001,COL001,ECE,BCA,Software Engg,Female,2003-06-12,23,ST,No,Delhi,Indian,5-10L,Postgraduate,Self-employed,No,Yes,Government,86.18,CBSE,60.12,ICSE,Science,112,2110,Management,2,2025-26,2,CS158,ML,Core,5,3.44,FAC017,58,57,77.11,Shortage,17,88,99.62,0,6,94.5,60.32,52.04,22,33,67,Downward,40,32,45,73,73.0,C,6.6,8.59,9.32,Pass,3,2.9,5.9,5.7,No,9,No,High,Medium,Medium,5,Visual,9,10,17,3.19,33,41,Online,3.78,10,15,3,4,No,53,ROLL0053,CSE,B.Tech,2025-26,CS296,95.85,33,40,8.59,Female,23,5.6
54,ROLL0054,REG20260054,UNI001,COL001,IT,B.Tech,Software Engg,Male,2002-07-01,24,ST,No,Haryana,Indian,10L+,Graduate,Self-employed,No,Yes,Government,88.13,ICSE,86.29,ICSE,Arts,152,2090,Entrance,1,2025-26,3,CS245,ML,Elective,5,4.03,FAC001,42,49,84.71,Regular,29,59,91.98,3,17,98.49,71.8,50.4,29,36,36,Stable,43,37,41,79,79.0,C,8.56,7.86,7.7,Pass,2,7.8,7.2,4.2,No,24,No,High,High,Medium,5,Kinesthetic,5,6,24,4.94,47,38,Hybrid,3.06,7,16,2,1,No,54,ROLL0054,IT,B.Tech,2025-26,CS154,72.67,36,43,7.86,Male,24,7.9
55,ROLL0055,REG20260055,UNI001,COL001,BCA,MCA,Cloud,Female,2000-11-18,26,OBC,Yes,UP,Indian,5-10L,Postgraduate,Business,No,Yes,None,74.04,ICSE,65.87,CBSE,Science,149,756,Management,1,2025-26,1,CS262,OS,Core,3,2.32,FAC017,60,35,97.85,Shortage,14,72,96.89,5,8,62.39,83.51,94.37,22,30,48,Stable,41,38,56,71,71.0,A,9.0,7.81,7.56,Fail,0,6.5,5.3,2.0,No,7,No,Low,Low,Low,8,Auditory,1,10,19,4.57,33,35,Online,3.49,6,9,4,4,No,55,ROLL0055,BCA,BCA,2025-26,CS425,96.55,30,41,7.81,Female,26,7.6
56,ROLL0056,REG20260056,UNI001,COL001,IT,B.Tech,Cloud,Male,2001-05-04,25,OBC,No,Haryana,Indian,10L+,Graduate,Service,No,Yes,Government,60.47,CBSE,75.53,CBSE,Commerce,193,4631,Entrance,1,2025-26,3,CS255,DBMS,Core,5,3.79,FAC001,41,47,85.35,Regular,18,101,79.93,0,9,77.64,78.46,87.77,26,33,88,Upward,54,40,60,87,87.0,C,8.94,9.16,8.07,Fail,0,3.3,6.8,4.5,Yes,23,No,High,High,Medium,10,Visual,10,2,22,3.47,31,86,Online,4.01,7,15,9,5,Yes,56,ROLL0056,CSE,B.Tech,2025-26,CS378,76.27,33,54,9.16,Female,25,2.2
57,ROLL0057,REG20260057,UNI001,COL001,MCA,MCA,Cyber Security,Male,2000-03-07,26,ST,No,Punjab,Indian,10L+,Postgraduate,Self-employed,Yes,Yes,Private,88.33,State Board,85.98,ICSE,Arts,135,3908,Merit,0,2025-26,6,CS337,OS,Elective,4,3.46,FAC006,44,51,93.02,Regular,20,52,79.81,1,6,82.41,78.28,92.05,24,28,45,Stable,53,21,48,81,81.0,B,8.71,9.01,9.45,Fail,0,5.4,6.9,2.3,No,31,Yes,Medium,High,Medium,3,Auditory,6,10,23,3.1,40,105,Online,3.39,8,19,8,0,Yes,57,ROLL0057,MCA,MCA,2025-26,CS453,65.16,28,53,9.01,Female,26,2.9
58,ROLL0058,REG20260058,UNI001,COL001,BCA,BCA,DS,Female,2003-06-28,23,OBC,No,Haryana,Indian,10L+,12th,Business,No,No,Private,92.22,ICSE,97.77,ICSE,Commerce,91,669,Merit,0,2025-26,5,CS324,OS,Core,4,4.15,FAC001,60,40,97.49,Regular,22,110,96.01,3,10,82.87,76.11,77.54,29,27,55,Upward,49,29,47,76,76.0,B,9.76,8.12,7.53,Pass,1,2.3,6.7,4.8,No,36,No,Low,Low,Medium,4,Auditory,1,2,18,4.04,46,112,Hybrid,4.49,10,8,3,1,Yes,58,ROLL0058,ECE,MCA,2025-26,CS259,77.33,27,49,8.12,Male,23,3.4
59,ROLL0059,REG20260059,UNI001,COL001,IT,MCA,Software Engg,Female,2005-02-09,21,OBC,No,Punjab,Indian,5-10L,Graduate,Service,Yes,Yes,Government,79.07,ICSE,78.16,CBSE,Arts,106,2324,Entrance,0,2025-26,4,CS109,OS,Core,4,2.81,FAC015,53,46,86.43,Shortage,8,63,74.74,4,16,63.58,89.5,78.41,16,40,44,Downward,46,39,44,86,86.0,B,8.83,9.02,9.48,Fail,0,5.2,6.2,4.2,Yes,10,Yes,Medium,Low,Low,4,Kinesthetic,8,6,10,3.32,55,82,Hybrid,3.8,8,18,10,4,No,59,ROLL0059,BCA,B.Tech,2025-26,CS432,65.31,40,46,9.02,Male,21,3.4
60,ROLL0060,REG20260060,UNI001,COL001,IT,B.Tech,Cloud,Female,2005-03-31,21,General,Yes,Bihar,Indian,10L+,Graduate,Business,Yes,No,Private,87.79,State Board,71.02,CBSE,Commerce,137,3536,Management,1,2025-26,1,CS412,Data Structures,Core,5,1.12,FAC013,48,48,85.97,Shortage,26,100,93.72,1,15,89.74,81.81,75.28,21,24,84,Stable,52,36,49,76,76.0,B,7.49,7.18,8.42,Fail,0,2.1,7.2,4.8,No,20,No,Medium,Low,High,1,Kinesthetic,10,6,7,3.4,59,117,Traditional,3.85,7,13,10,1,Yes,60,ROLL0060,BCA,MCA,2025-26,CS128,66.9,24,52,7.18,Male,21,4.0
61,ROLL0061,REG20260061,UNI001,COL001,BCA,BCA,DS,Male,2003-01-30,23,OBC,No,UP,Indian,2-5L,12th,Farmer,No,No,None,72.36,CBSE,60.68,ICSE,Commerce,101,3726,Entrance,2,2025-26,2,CS219,OS,Core,4,1.08,FAC002,51,58,78.6,Shortage,8,99,99.33,5,1,70.63,66.99,91.43,26,24,49,Stable,58,28,58,82,82.0,D,6.11,8.76,8.07,Fail,0,5.2,6.5,4.5,Yes,15,No,Medium,Medium,High,6,Auditory,5,4,20,4.63,60,111,Hybrid,3.02,8,7,6,2,No,61,ROLL0061,ECE,BCA,2025-26,CS177,63.26,24,58,8.76,Male,23,2.6
62,ROLL0062,REG20260062,UNI001,COL001,MCA,MCA,Cloud,Female,2001-12-30,25,OBC,Yes,Delhi,Indian,0-2L,Postgraduate,Business,No,No,Government,72.31,ICSE,62.88,State Board,Science,57,1149,Merit,1,2025-26,1,CS322,DBMS,Elective,4,4.62,FAC009,51,37,95.45,Shortage,15,33,82.4,4,7,94.45,88.87,84.73,25,32,98,Downward,41,27,41,73,73.0,C,9.62,8.83,8.14,Pass,0,5.3,6.5,4.2,No,45,No,Medium,Low,Medium,10,Visual,6,10,9,4.42,45,114,Online,4.5,7,11,8,2,Yes,62,ROLL0062,MCA,B.Tech,2025-26,CS181,73.34,32,41,8.83,Female,25,7.0
63,ROLL0063,REG20260063,UNI001,COL001,BCA,BCA,AI,Female,2004-01-29,22,General,Yes,Punjab,Indian,2-5L,10th,Business,No,Yes,Private,89.84,CBSE,91.7,CBSE,Arts,72,3502,Entrance,1,2025-26,2,CS247,Data Structures,Elective,5,3.94,FAC011,58,48,81.44,Regular,28,117,87.51,0,6,83.28,53.98,68.5,22,35,37,Upward,55,23,47,90,90.0,C,9.35,8.97,6.63,Fail,2,3.5,6.1,2.8,Yes,26,No,Medium,Medium,Medium,3,Visual,2,6,11,3.19,23,44,Traditional,3.28,10,5,9,4,Yes,63,ROLL0063,ECE,BCA,2025-26,CS198,90.6,35,55,8.97,Male,22,7.4
64,ROLL0064,REG20260064,UNI001,COL001,ECE,MCA,AI,Male,2004-09-05,22,General,No,Punjab,Indian,10L+,10th,Service,No,Yes,Government,94.92,ICSE,95.12,CBSE,Science,122,443,Entrance,0,2025-26,3,CS154,Data Structures,Elective,5,2.67,FAC006,54,36,62.66,Shortage,10,78,80.81,3,17,60.36,66.38,79.47,20,25,6,Downward,53,27,44,78,78.0,A,7.45,8.46,8.35,Fail,0,4.6,5.7,4.2,Yes,46,Yes,Low,Medium,Medium,10,Auditory,9,10,18,4.72,55,60,Traditional,3.45,6,6,4,4,Yes,64,ROLL0064,ECE,BCA,2025-26,CS376,62.06,25,53,8.46,Male,22,2.6
65,ROLL0065,REG20260065,UNI001,COL001,MCA,BCA,Cloud,Female,2001-05-12,25,OBC,No,Punjab,Indian,10L+,Postgraduate,Business,No,No,Government,93.25,State Board,68.46,ICSE,Arts,74,4964,Management,2,2025-26,1,CS317,Python,Core,5,1.94,FAC004,43,56,84.45,Shortage,7,108,89.86,4,18,94.69,88.47,54.38,17,20,24,Upward,56,23,40,76,76.0,A,8.73,8.49,9.07,Fail,2,7.2,6.9,4.6,No,52,No,Medium,Low,High,6,Visual,2,1,12,4.57,25,48,Hybrid,3.85,3,18,0,1,Yes,65,ROLL0065,MCA,MCA,2025-26,CS104,76.07,20,56,8.49,Female,25,2.5
66,ROLL0066,REG20260066,UNI001,COL001,IT,B.Tech,Cyber Security,Female,2000-05-01,26,OBC,No,Punjab,Indian,2-5L,Postgraduate,Farmer,Yes,Yes,Government,94.46,ICSE,68.2,State Board,Commerce,154,1149,Entrance,0,2025-26,3,CS406,Data Structures,Core,4,1.18,FAC004,51,46,65.02,Shortage,28,107,95.37,3,5,62.86,50.23,60.25,15,36,14,Upward,43,40,44,79,79.0,C,6.47,7.3,7.04,Pass,1,5.6,6.7,2.4,No,40,Yes,Low,Low,Medium,10,Visual,8,8,23,3.44,24,120,Hybrid,3.58,3,10,2,0,Yes,66,ROLL0066,ECE,BCA,2025-26,CS404,64.83,36,43,7.3,Female,26,2.4
67,ROLL0067,REG20260067,UNI001,COL001,IT,B.Tech,DS,Male,2004-06-27,22,ST,Yes,Haryana,Indian,2-5L,10th,Service,No,No,None,78.21,CBSE,69.12,State Board,Arts,140,4034,Entrance,1,2025-26,3,CS183,DBMS,Core,2,1.5,FAC012,49,33,99.49,Regular,26,73,83.69,4,10,63.27,53.35,91.1,15,32,29,Downward,43,36,56,75,75.0,B,9.48,7.62,6.39,Fail,0,7.2,5.4,5.3,Yes,20,No,High,High,High,9,Kinesthetic,5,8,18,3.9,52,86,Traditional,4.04,9,17,6,2,No,67,ROLL0067,BCA,BCA,2025-26,CS428,83.97,32,43,7.62,Female,22,3.7
68,ROLL0068,REG20260068,UNI001,COL001,CSE,BCA,Cyber Security,Male,2003-10-29,23,General,No,Haryana,Indian,2-5L,Postgraduate,Farmer,No,No,Government,67.24,ICSE,68.86,ICSE,Science,130,4410,Management,2,2025-26,1,CS489,ML,Core,4,1.06,FAC006,46,41,90.68,Shortage,26,26,73.6,1,17,80.17,82.91,77.61,23,23,28,Downward,45,39,54,68,68.0,D,7.36,9.21,8.77,Fail,2,7.1,5.4,4.3,Yes,16,Yes,Low,Low,Low,1,Kinesthetic,3,3,21,3.27,51,31,Hybrid,3.47,8,5,0,2,No,68,ROLL0068,IT,BCA,2025-26,CS351,62.28,23,45,9.21,Male,23,5.8
69,ROLL0069,REG20260069,UNI001,COL001,MCA,BCA,DS,Male,2005-01-03,21,ST,Yes,Haryana,Indian,2-5L,12th,Service,No,Yes,None,84.53,CBSE,71.02,State Board,Science,102,1239,Management,0,2025-26,4,CS250,Data Structures,Core,2,1.11,FAC007,48,40,75.94,Regular,30,72,76.29,1,13,71.9,83.26,84.07,15,29,72,Downward,42,30,59,71,71.0,C,9.46,7.16,8.45,Pass,2,4.3,7.0,5.7,Yes,21,No,High,High,Medium,2,Kinesthetic,4,10,7,4.38,26,37,Traditional,3.93,9,11,10,5,Yes,69,ROLL0069,ECE,BCA,2025-26,CS304,90.9,29,42,7.16,Male,21,3.7
70,ROLL0070,REG20260070,UNI001,COL001,CSE,BCA,Cloud,Female,2002-07-15,24,ST,No,Haryana,Indian,10L+,12th,Self-employed,Yes,No,Private,97.29,CBSE,68.31,State Board,Science,98,2976,Merit,2,2025-26,4,CS370,OS,Core,5,4.19,FAC009,59,38,87.29,Shortage,9,105,86.46,1,19,83.52,61.98,58.0,25,33,9,Stable,44,24,46,77,77.0,B,8.45,8.64,9.22,Fail,2,5.7,7.1,5.9,Yes,49,No,High,High,High,9,Auditory,8,3,10,4.77,22,72,Hybrid,4.2,2,12,9,2,No,70,ROLL0070,CSE,BCA,2025-26,CS433,77.46,33,44,8.64,Female,24,8.0
71,ROLL0071,REG20260071,UNI001,COL001,ECE,MCA,Software Engg,Male,2002-08-15,24,General,No,Punjab,Indian,2-5L,12th,Self-employed,Yes,Yes,Government,82.76,ICSE,97.07,ICSE,Arts,174,2121,Entrance,0,2025-26,4,CS224,Python,Elective,2,1.71,FAC007,42,48,91.2,Shortage,18,46,74.76,4,9,72.23,67.4,73.31,15,30,99,Downward,54,37,41,84,84.0,B,8.49,8.61,8.89,Pass,3,4.9,7.9,4.1,No,6,Yes,High,High,High,3,Visual,10,8,15,3.3,59,42,Online,4.64,10,11,9,5,No,71,ROLL0071,CSE,BCA,2025-26,CS242,99.57,30,54,8.61,Male,24,4.3
72,ROLL0072,REG20260072,UNI001,COL001,IT,B.Tech,Software Engg,Male,2002-10-23,24,OBC,No,Bihar,Indian,5-10L,Postgraduate,Farmer,No,Yes,None,97.11,CBSE,64.87,CBSE,Arts,153,438,Management,0,2025-26,3,CS463,OS,Core,5,4.3,FAC018,48,36,96.12,Regular,15,85,77.18,4,1,68.63,66.01,55.94,26,39,22,Stable,51,24,49,90,90.0,A,7.12,9.07,7.36,Pass,2,4.3,7.5,3.9,Yes,22,No,Medium,Low,High,8,Visual,3,8,17,4.06,46,100,Online,3.67,3,15,1,3,Yes,72,ROLL0072,ECE,BCA,2025-26,CS481,75.99,39,51,9.07,Female,24,5.4
73,ROLL0073,REG20260073,UNI001,COL001,CSE,B.Tech,DS,Male,2002-10-02,24,OBC,No,Bihar,Indian,0-2L,Graduate,Farmer,Yes,No,Government,86.69,ICSE,93.45,CBSE,Science,132,633,Entrance,1,2025-26,3,CS351,Python,Elective,5,2.32,FAC010,54,37,69.93,Regular,7,91,88.1,0,16,88.14,65.67,80.5,20,38,16,Stable,47,36,60,85,85.0,B,6.42,6.46,9.41,Fail,2,5.5,7.5,4.8,No,20,Yes,Low,Low,Medium,7,Auditory,3,10,19,4.63,39,109,Traditional,4.67,5,8,9,3,No,73,ROLL0073,IT,B.Tech,2025-26,CS144,81.28,38,47,6.46,Female,24,5.2
74,ROLL0074,REG20260074,UNI001,COL001,ECE,B.Tech,DS,Female,2002-11-08,24,SC,Yes,Delhi,Indian,10L+,12th,Business,No,Yes,Private,66.18,State Board,61.29,CBSE,Commerce,115,4321,Management,1,2025-26,1,CS147,Python,Elective,3,1.32,FAC018,55,49,88.74,Shortage,5,51,70.9,4,6,90.99,88.15,52.37,25,31,29,Stable,54,31,46,85,85.0,C,6.76,8.86,7.01,Fail,2,7.2,7.8,2.1,Yes,48,No,Medium,High,Low,6,Visual,3,10,23,3.61,60,33,Hybrid,3.35,1,19,3,1,Yes,74,ROLL0074,CSE,BCA,2025-26,CS387,73.96,31,54,8.86,Female,24,2.2
75,ROLL0075,REG20260075,UNI001,COL001,MCA,B.Tech,Cloud,Female,2001-10-04,25,SC,No,UP,Indian,10L+,Postgraduate,Service,Yes,No,None,66.85,State Board,92.52,CBSE,Commerce,131,914,Merit,1,2025-26,5,CS306,Python,Elective,2,1.98,FAC002,45,37,94.29,Shortage,11,76,72.69,4,11,74.71,58.8,77.54,27,32,49,Stable,43,27,42,75,75.0,A,7.02,7.37,8.9,Pass,1,2.5,5.9,6.0,No,22,Yes,High,High,Medium,9,Auditory,4,8,10,3.95,55,37,Traditional,3.36,8,6,6,1,Yes,75,ROLL0075,IT,B.Tech,2025-26,CS148,70.89,32,43,7.37,Female,25,2.5
76,ROLL0076,REG20260076,UNI001,COL001,MCA,B.Tech,Cloud,Female,2004-05-17,22,General,No,Punjab,Indian,2-5L,10th,Self-employed,No,No,Private,77.61,State Board,88.48,CBSE,Science,84,483,Management,1,2025-26,6,CS214,DBMS,Elective,2,4.47,FAC019,54,43,77.28,Shortage,5,89,95.41,5,14,67.87,87.8,63.49,17,25,97,Upward,45,35,40,70,70.0,B,9.98,9.29,7.84,Pass,1,6.3,6.2,4.4,Yes,34,No,High,High,High,9,Auditory,1,4,19,3.62,23,37,Online,3.19,1,5,8,2,No,76,ROLL0076,ECE,MCA,2025-26,CS491,63.55,25,45,9.29,Male,22,2.1
77,ROLL0077,REG20260077,UNI001,COL001,CSE,B.Tech,AI,Female,2001-12-25,25,General,Yes,Bihar,Indian,10L+,Postgraduate,Business,Yes,No,None,77.2,CBSE,69.02,ICSE,Science,146,4786,Entrance,0,2025-26,1,CS314,OS,Core,3,1.68,FAC002,46,52,80.7,Regular,28,35,88.94,5,14,62.84,90.89,59.42,26,38,1,Stable,50,24,60,88,88.0,D,9.09,8.38,9.09,Fail,2,7.4,6.7,2.6,Yes,15,No,Low,Medium,High,1,Visual,4,8,5,4.01,60,108,Traditional,4.79,7,6,8,1,Yes,77,ROLL0077,MCA,MCA,2025-26,CS430,61.58,38,50,8.38,Male,25,3.6
78,ROLL0078,REG20260078,UNI001,COL001,BCA,BCA,Cyber Security,Female,2002-06-11,24,General,Yes,Punjab,Indian,10L+,Graduate,Service,No,Yes,Government,96.58,CBSE,77.14,CBSE,Commerce,95,2923,Management,0,2025-26,5,CS272,Python,Core,5,3.53,FAC014,43,53,60.65,Shortage,16,104,73.59,1,13,93.27,73.1,78.55,22,27,63,Stable,42,23,54,69,69.0,B,7.43,6.19,9.28,Fail,1,2.1,6.6,5.9,Yes,23,Yes,Medium,Low,Medium,5,Visual,5,7,24,3.86,55,97,Traditional,3.29,7,6,1,1,Yes,78,ROLL0078,IT,MCA,2025-26,CS269,76.03,27,42,6.19,Female,24,2.0
79,ROLL0079,REG20260079,UNI001,COL001,BCA,MCA,AI,Male,2004-12-22,22,OBC,Yes,UP,Indian,2-5L,12th,Farmer,Yes,Yes,Government,88.28,State Board,76.79,CBSE,Commerce,164,150,Management,0,2025-26,5,CS249,Python,Core,2,1.29,FAC014,56,41,60.27,Shortage,24,74,80.89,4,12,83.0,82.48,84.06,27,36,23,Upward,47,26,53,83,83.0,A,7.71,8.47,8.7,Fail,1,6.6,5.3,2.5,No,40,No,Medium,Medium,Medium,3,Visual,4,5,9,3.91,32,31,Traditional,4.52,7,14,8,1,No,79,ROLL0079,MCA,B.Tech,2025-26,CS399,63.5,36,47,8.47,Female,22,2.0
80,ROLL0080,REG20260080,UNI001,COL001,ECE,BCA,Cloud,Female,2000-02-09,26,ST,Yes,UP,Indian,0-2L,10th,Farmer,No,Yes,Government,80.89,ICSE,60.59,CBSE,Science,103,2423,Merit,2,2025-26,5,CS360,Data Structures,Elective,2,3.91,FAC008,51,45,83.51,Regular,30,87,71.83,4,6,65.39,76.87,69.33,28,27,21,Downward,52,20,50,79,79.0,A,9.73,8.19,7.28,Pass,2,7.5,7.2,4.1,Yes,40,No,Low,Low,Medium,1,Kinesthetic,10,3,14,4.29,23,46,Traditional,4.49,4,5,4,5,Yes,80,ROLL0080,IT,BCA,2025-26,CS152,95.28,27,52,8.19,Female,26,5.6
81,ROLL0081,REG20260081,UNI001,COL001,MCA,MCA,Cyber Security,Male,2003-10-24,23,ST,Yes,Punjab,Indian,10L+,12th,Service,Yes,Yes,Government,74.8,ICSE,68.84,State Board,Science,94,3391,Management,1,2025-26,2,CS437,ML,Core,3,2.73,FAC016,46,36,87.52,Shortage,24,26,89.67,2,11,75.66,52.22,93.58,25,32,92,Upward,58,24,44,90,90.0,D,9.27,6.35,7.05,Fail,3,3.5,5.4,2.4,No,50,Yes,Low,High,High,3,Kinesthetic,4,5,5,4.64,37,64,Online,3.13,2,18,7,1,Yes,81,ROLL0081,BCA,BCA,2025-26,CS128,72.51,32,58,6.35,Female,23,2.5
82,ROLL0082,REG20260082,UNI001,COL001,IT,MCA,Software Engg,Female,2005-02-16,21,General,Yes,Delhi,Indian,2-5L,12th,Self-employed,No,Yes,None,81.52,State Board,71.06,CBSE,Science,187,4712,Management,0,2025-26,4,CS196,ML,Elective,4,2.43,FAC012,45,51,61.66,Regular,24,101,81.22,3,6,92.66,60.31,69.51,27,28,48,Upward,42,21,50,70,70.0,D,6.79,8.98,6.66,Pass,2,7.2,5.5,4.1,No,40,No,Medium,High,Low,7,Auditory,8,5,19,4.3,50,48,Hybrid,4.05,2,18,7,1,No,82,ROLL0082,CSE,BCA,2025-26,CS180,61.47,28,42,8.98,Female,21,2.5
83,ROLL0083,REG20260083,UNI001,COL001,BCA,MCA,Cloud,Female,2001-10-15,25,ST,Yes,Bihar,Indian,10L+,10th,Business,Yes,No,None,73.9,CBSE,83.64,State Board,Arts,160,3398,Merit,2,2025-26,3,CS133,ML,Core,3,1.63,FAC019,59,47,64.78,Regular,21,59,83.17,3,5,81.33,77.13,63.78,19,22,36,Downward,57,27,57,79,79.0,D,7.39,6.9,8.2,Fail,1,2.8,5.0,3.9,No,9,No,Low,Low,Medium,5,Visual,6,8,12,3.96,27,59,Hybrid,4.64,10,18,3,2,Yes,83,ROLL0083,ECE,MCA,2025-26,CS443,62.44,22,57,6.9,Male,25,4.0
84,ROLL0084,REG20260084,UNI001,COL001,BCA,MCA,Cyber Security,Male,2002-10-29,24,SC,Yes,Bihar,Indian,2-5L,12th,Business,No,Yes,Government,65.13,ICSE,70.23,State Board,Science,196,4630,Entrance,1,2025-26,3,CS370,DBMS,Elective,2,4.93,FAC020,54,40,69.49,Shortage,28,90,70.31,1,8,79.78,55.62,83.64,23,26,97,Upward,42,30,51,68,68.0,C,9.86,6.11,7.71,Fail,2,6.1,7.8,4.3,Yes,18,No,High,Low,Low,2,Auditory,6,1,6,4.24,52,69,Online,4.96,6,17,1,2,Yes,84,ROLL0084,IT,B.Tech,2025-26,CS371,60.47,26,42,6.11,Male,24,7.9
85,ROLL0085,REG20260085,UNI001,COL001,BCA,MCA,DS,Male,2002-02-04,24,General,No,Bihar,Indian,5-10L,Postgraduate,Service,Yes,Yes,Private,67.22,CBSE,68.52,CBSE,Commerce,192,4785,Merit,0,2025-26,2,CS274,Python,Core,5,4.01,FAC006,41,34,98.32,Regular,14,71,89.8,1,19,90.96,53.21,55.04,18,26,98,Downward,43,28,40,69,69.0,A,7.91,8.51,7.93,Fail,0,6.2,6.6,2.9,No,34,Yes,High,Medium,Medium,8,Kinesthetic,2,4,7,3.74,48,101,Online,4.99,8,16,1,2,Yes,85,ROLL0085,BCA,BCA,2025-26,CS424,94.14,26,43,8.51,Male,24,5.9
86,ROLL0086,REG20260086,UNI001,COL001,BCA,B.Tech,Software Engg,Female,2005-01-14,21,General,Yes,UP,Indian,10L+,Postgraduate,Farmer,No,No,None,92.52,State Board,71.15,State Board,Commerce,173,2660,Merit,2,2025-26,5,CS418,Python,Elective,2,4.12,FAC002,48,43,76.86,Shortage,28,83,88.55,4,17,72.0,60.2,59.17,15,40,7,Downward,44,38,46,84,84.0,A,7.73,7.44,8.93,Pass,2,2.4,6.7,2.6,Yes,30,No,High,Medium,Medium,1,Auditory,4,5,18,4.47,53,52,Hybrid,3.2,2,19,7,4,Yes,86,ROLL0086,ECE,B.Tech,2025-26,CS185,90.16,40,44,7.44,Male,21,3.3
87,ROLL0087,REG20260087,UNI001,COL001,BCA,MCA,Cyber Security,Male,2004-03-28,22,ST,Yes,Punjab,Indian,0-2L,Graduate,Self-employed,No,Yes,Government,89.94,State Board,94.3,State Board,Commerce,199,3188,Management,0,2025-26,4,CS279,Python,Elective,3,2.53,FAC002,44,42,97.29,Regular,6,73,88.64,4,1,99.58,68.27,91.26,15,20,22,Stable,53,34,54,73,73.0,B,9.98,6.36,9.04,Fail,0,2.3,7.0,2.9,Yes,12,Yes,Low,Medium,High,8,Kinesthetic,10,8,24,4.44,45,63,Hybrid,4.07,10,11,6,5,Yes,87,ROLL0087,CSE,B.Tech,2025-26,CS201,88.96,20,53,6.36,Female,22,5.2
88,ROLL0088,REG20260088,UNI001,COL001,BCA,MCA,Cloud,Female,2001-11-21,25,OBC,Yes,Punjab,Indian,2-5L,Postgraduate,Farmer,Yes,Yes,Government,90.28,ICSE,74.63,ICSE,Science,53,3907,Entrance,2,2025-26,6,CS444,Data Structures,Elective,5,1.74,FAC005,44,48,79.75,Regular,15,20,89.84,3,1,79.52,94.91,52.09,26,21,42,Downward,60,29,48,81,81.0,B,6.58,8.85,9.74,Pass,2,2.3,5.7,5.7,Yes,59,Yes,Low,Low,Low,10,Auditory,10,6,9,4.94,46,107,Traditional,3.77,6,6,5,3,Yes,88,ROLL0088,BCA,B.Tech,2025-26,CS329,61.56,21,60,8.85,Male,25,6.1
89,ROLL0089,REG20260089,UNI001,COL001,IT,BCA,Cloud,Male,2002-04-09,24,General,Yes,Delhi,Indian,0-2L,12th,Farmer,Yes,Yes,None,88.83,State Board,74.14,ICSE,Science,168,3182,Management,2,2025-26,3,CS347,Python,Core,2,2.77,FAC009,42,52,67.86,Regular,20,95,75.37,1,5,82.86,81.25,64.59,20,23,4,Downward,41,28,46,64,64.0,D,8.73,9.01,8.58,Pass,1,3.2,6.5,3.2,Yes,54,Yes,Medium,Low,High,5,Kinesthetic,8,4,10,3.73,50,83,Traditional,4.4,6,16,2,4,No,89,ROLL0089,CSE,BCA,2025-26,CS355,96.13,23,41,9.01,Female,24,7.8
90,ROLL0090,REG20260090,UNI001,COL001,BCA,B.Tech,DS,Male,2002-08-12,24,SC,No,Haryana,Indian,2-5L,10th,Self-employed,Yes,No,Private,97.71,CBSE,71.61,ICSE,Arts,89,3626,Entrance,2,2025-26,3,CS114,Data Structures,Elective,3,3.7,FAC004,52,49,78.26,Regular,20,67,86.97,4,10,70.07,55.33,78.62,24,30,60,Stable,52,23,60,82,82.0,D,7.93,9.22,7.62,Fail,3,6.6,5.1,5.4,Yes,22,Yes,High,Low,Medium,5,Visual,10,5,23,4.62,21,48,Online,3.12,7,17,5,5,No,90,ROLL0090,BCA,B.Tech,2025-26,CS180,74.02,30,52,9.22,Male,24,3.9
91,ROLL0091,REG20260091,UNI001,COL001,MCA,BCA,Cyber Security,Female,2004-01-15,22,SC,No,Haryana,Indian,0-2L,Graduate,Business,No,Yes,None,84.14,State Board,95.35,ICSE,Arts,196,4735,Entrance,2,2025-26,4,CS493,ML,Elective,4,2.9,FAC017,46,51,64.71,Regular,30,55,84.42,2,10,78.12,84.23,56.99,21,28,50,Stable,47,34,44,75,75.0,D,8.24,9.24,7.7,Pass,1,5.1,5.6,5.0,No,12,No,Low,High,Medium,2,Visual,9,6,16,4.69,34,93,Hybrid,3.03,5,9,3,4,Yes,91,ROLL0091,CSE,MCA,2025-26,CS115,66.58,28,47,9.24,Female,22,6.3
92,ROLL0092,REG20260092,UNI001,COL001,CSE,B.Tech,Software Engg,Male,2001-11-01,25,ST,Yes,Delhi,Indian,2-5L,10th,Self-employed,Yes,No,Government,76.39,ICSE,65.35,ICSE,Arts,116,1683,Entrance,1,2025-26,6,CS318,ML,Elective,3,2.37,FAC009,52,31,62.5,Regular,10,35,86.23,2,11,66.95,55.12,86.62,21,27,23,Stable,58,29,50,85,85.0,B,8.45,9.51,9.74,Fail,3,6.5,5.1,5.3,Yes,10,Yes,High,High,High,5,Visual,8,5,17,4.12,54,86,Traditional,3.54,7,7,1,5,Yes,92,ROLL0092,IT,MCA,2025-26,CS279,83.87,27,58,9.51,Male,25,4.8
93,ROLL0093,REG20260093,UNI001,COL001,ECE,B.Tech,Software Engg,Male,2002-07-14,24,ST,No,Punjab,Indian,2-5L,12th,Farmer,Yes,No,Private,75.45,CBSE,86.25,ICSE,Science,114,1478,Management,1,2025-26,3,CS386,OS,Elective,5,1.77,FAC004,40,60,63.34,Shortage,29,99,89.45,0,5,80.14,54.74,60.84,16,39,27,Stable,43,20,52,82,82.0,B,9.31,7.69,7.61,Fail,3,2.8,7.6,5.0,Yes,56,No,Medium,High,High,4,Kinesthetic,6,2,10,3.19,27,38,Online,4.63,8,5,1,4,Yes,93,ROLL0093,ECE,B.Tech,2025-26,CS426,66.9,39,43,7.69,Male,24,5.5
94,ROLL0094,REG20260094,UNI001,COL001,BCA,MCA,Software Engg,Female,2003-12-10,23,General,No,Punjab,Indian,0-2L,12th,Farmer,Yes,Yes,None,84.65,ICSE,65.98,State Board,Science,123,975,Merit,0,2025-26,6,CS262,DBMS,Elective,2,3.16,FAC017,48,39,86.08,Shortage,11,69,82.98,2,8,74.15,78.07,76.41,15,38,25,Stable,57,23,55,95,95.0,B,6.44,6.73,9.72,Pass,0,4.2,6.3,4.3,Yes,19,Yes,Low,Low,High,10,Auditory,3,10,12,4.21,45,99,Online,4.8,9,6,3,3,Yes,94,ROLL0094,ECE,BCA,2025-26,CS270,86.18,38,57,6.73,Male,23,7.0
95,ROLL0095,REG20260095,UNI001,COL001,ECE,MCA,AI,Male,2004-08-02,22,OBC,No,Bihar,Indian,5-10L,Postgraduate,Self-employed,Yes,Yes,Private,81.55,CBSE,61.24,CBSE,Commerce,75,643,Entrance,2,2025-26,1,CS295,DBMS,Elective,4,1.09,FAC007,56,31,64.85,Regular,16,65,80.48,5,18,96.88,80.36,88.22,30,29,29,Downward,58,35,46,87,87.0,B,9.57,9.78,7.82,Fail,2,5.8,7.1,3.7,Yes,50,Yes,Medium,High,Low,7,Auditory,6,10,19,4.55,48,62,Hybrid,3.18,9,5,0,0,Yes,95,ROLL0095,CSE,B.Tech,2025-26,CS465,81.36,29,58,9.78,Male,22,2.3
96,ROLL0096,REG20260096,UNI001,COL001,ECE,BCA,DS,Female,2003-12-12,23,ST,Yes,Punjab,Indian,2-5L,10th,Business,Yes,No,None,74.63,CBSE,83.02,CBSE,Science,116,4129,Entrance,2,2025-26,6,CS429,OS,Core,3,3.88,FAC017,54,37,73.9,Shortage,19,112,81.67,4,10,79.45,50.03,70.57,29,35,89,Downward,53,24,55,88,88.0,D,6.02,7.84,9.24,Pass,3,2.2,5.5,2.3,Yes,17,No,High,High,Medium,9,Visual,1,9,5,4.88,34,31,Online,3.19,3,6,0,0,Yes,96,ROLL0096,BCA,BCA,2025-26,CS296,93.35,35,53,7.84,Male,23,6.5
97,ROLL0097,REG20260097,UNI001,COL001,ECE,B.Tech,DS,Male,2003-09-12,23,General,Yes,Delhi,Indian,5-10L,10th,Farmer,Yes,Yes,Private,64.89,State Board,94.73,ICSE,Science,134,797,Entrance,0,2025-26,5,CS338,ML,Core,5,4.7,FAC017,58,58,61.69,Shortage,21,34,83.11,2,3,90.26,59.91,94.43,27,23,25,Stable,51,32,53,74,74.0,D,9.75,7.5,6.99,Pass,3,7.4,6.3,4.4,No,46,No,Medium,Medium,Medium,3,Auditory,2,8,9,3.27,51,58,Hybrid,3.24,10,16,10,4,Yes,97,ROLL0097,ECE,MCA,2025-26,CS472,72.74,23,51,7.5,Male,23,4.1
98,ROLL0098,REG20260098,UNI001,COL001,MCA,BCA,Cloud,Female,2001-04-23,25,General,No,UP,Indian,2-5L,Postgraduate,Farmer,No,Yes,Private,60.45,State Board,97.96,CBSE,Science,60,848,Management,2,2025-26,1,CS184,Python,Elective,2,1.09,FAC005,52,54,69.66,Regular,16,47,86.81,5,0,95.58,65.64,78.36,23,28,17,Stable,47,37,43,75,75.0,A,6.93,8.92,8.62,Fail,2,7.4,5.5,2.6,No,51,No,Medium,Low,Medium,8,Auditory,6,6,12,3.37,56,77,Hybrid,4.99,3,6,2,3,Yes,98,ROLL0098,MCA,BCA,2025-26,CS416,83.31,28,47,8.92,Female,25,7.1
99,ROLL0099,REG20260099,UNI001,COL001,ECE,B.Tech,DS,Male,2001-09-30,25,OBC,No,Bihar,Indian,2-5L,12th,Business,No,No,Government,84.22,CBSE,94.84,State Board,Commerce,121,1723,Merit,2,2025-26,3,CS280,Python,Core,2,4.9,FAC018,57,56,97.73,Regular,9,86,73.45,0,7,83.94,61.3,64.66,30,35,11,Upward,59,36,43,94,94.0,C,9.18,6.47,9.76,Pass,0,7.0,7.9,2.5,Yes,43,No,Low,Low,Medium,8,Auditory,1,10,16,3.15,24,78,Online,3.13,2,17,7,4,No,99,ROLL0099,MCA,B.Tech,2025-26,CS371,84.14,35,59,6.47,Male,25,7.8
100,ROLL0100,REG20260100,UNI001,COL001,IT,B.Tech,Cyber Security,Female,2003-05-28,23,SC,Yes,UP,Indian,0-2L,Postgraduate,Business,Yes,No,Government,90.47,State Board,63.67,CBSE,Arts,185,4894,Management,1,2025-26,6,CS210,Data Structures,Elective,5,4.48,FAC004,41,38,89.1,Shortage,12,60,76.87,1,1,85.67,62.38,55.58,19,33,18,Stable,60,40,59,93,93.0,B,6.49,8.51,7.98,Fail,2,3.2,7.8,4.5,No,44,No,Medium,Medium,High,1,Visual,1,9,18,4.4,24,34,Online,4.28,8,16,1,4,No,100,ROLL0100,CSE,MCA,2025-26,CS212,70.63,33,60,8.51,Female,23,3.9
101,ROLL0101,REG20260101,UNI001,COL001,IT,B.Tech,Cloud,Female,2000-11-01,26,OBC,Yes,UP,Indian,10L+,Postgraduate,Business,Yes,Yes,Private,68.17,ICSE,63.77,ICSE,Commerce,58,2523,Entrance,2,2025-26,5,CS222,DBMS,Elective,3,1.04,FAC002,47,46,91.21,Regular,14,43,87.4,4,6,90.66,94.53,85.31,19,25,27,Stable,51,27,49,76,76.0,C,9.96,9.47,8.66,Pass,0,2.0,7.0,2.0,Yes,54,No,Medium,Low,High,10,Visual,3,10,7,5.0,31,116,Traditional,4.7,1,8,4,0,No,101,ROLL0101,IT,MCA,2025-26,CS349,83.04,25,51,9.47,Female,26,2.9
102,ROLL0102,REG20260102,UNI001,COL001,CSE,BCA,Cloud,Male,2005-03-19,21,General,No,Delhi,Indian,10L+,10th,Service,No,No,Private,80.59,State Board,61.99,CBSE,Arts,172,3156,Merit,1,2025-26,6,CS135,OS,Elective,2,4.45,FAC013,44,37,81.12,Shortage,5,39,89.4,4,0,75.66,56.39,71.89,22,39,53,Upward,48,31,56,87,87.0,C,7.78,7.56,8.91,Fail,0,2.7,7.4,2.1,Yes,44,No,Medium,Low,Low,6,Auditory,9,4,16,4.46,41,33,Traditional,3.8,4,6,3,3,Yes,102,ROLL0102,ECE,MCA,2025-26,CS103,85.16,39,48,7.56,Male,21,2.4
103,ROLL0103,REG20260103,UNI001,COL001,IT,MCA,Software Engg,Male,2003-03-08,23,General,Yes,Delhi,Indian,2-5L,Postgraduate,Self-employed,No,Yes,Government,73.46,ICSE,66.98,CBSE,Commerce,98,1710,Management,1,2025-26,3,CS319,Python,Core,3,1.42,FAC018,40,43,66.45,Regular,11,102,75.35,5,19,95.79,83.83,80.56,26,40,20,Upward,59,32,56,99,99.0,B,8.1,8.7,6.55,Fail,3,3.4,6.9,3.9,Yes,59,Yes,High,High,High,4,Visual,9,5,16,4.33,23,46,Traditional,5.0,3,8,10,2,Yes,103,ROLL0103,BCA,BCA,2025-26,CS456,66.5,40,59,8.7,Female,23,7.0
104,ROLL0104,REG20260104,UNI001,COL001,MCA,BCA,DS,Male,2004-04-29,22,OBC,Yes,Bihar,Indian,0-2L,12th,Self-employed,Yes,No,Government,84.39,State Board,62.22,ICSE,Arts,117,2843,Management,0,2025-26,3,CS147,DBMS,Elective,2,4.21,FAC012,50,45,73.59,Regular,29,94,97.16,3,11,68.81,79.96,87.6,24,35,14,Downward,41,35,47,76,76.0,D,9.05,9.04,9.12,Fail,3,2.8,5.2,4.6,No,29,No,Low,High,Medium,8,Kinesthetic,9,4,11,3.22,34,37,Hybrid,4.02,2,13,5,2,Yes,104,ROLL0104,MCA,MCA,2025-26,CS291,94.2,35,41,9.04,Male,22,3.2
105,ROLL0105,REG20260105,UNI001,COL001,IT,MCA,AI,Female,2004-01-01,22,SC,Yes,Bihar,Indian,0-2L,10th,Self-employed,No,No,Government,64.17,CBSE,97.73,State Board,Commerce,119,26,Entrance,1,2025-26,4,CS406,Data Structures,Elective,5,4.12,FAC014,40,58,68.28,Shortage,17,74,94.96,1,5,90.39,84.31,61.88,22,23,80,Stable,43,26,57,66,66.0,D,6.88,7.98,6.91,Fail,1,6.7,5.2,4.7,Yes,9,Yes,Medium,High,High,8,Auditory,4,8,7,3.84,33,54,Hybrid,4.23,5,8,6,0,No,105,ROLL0105,ECE,MCA,2025-26,CS202,71.92,23,43,7.98,Male,22,6.8
106,ROLL0106,REG20260106,UNI001,COL001,CSE,MCA,DS,Female,2003-10-06,23,General,Yes,UP,Indian,5-10L,Graduate,Business,No,No,Private,96.14,State Board,66.23,ICSE,Commerce,66,2590,Management,1,2025-26,2,CS302,DBMS,Elective,3,1.72,FAC002,55,43,82.12,Shortage,22,80,87.43,0,12,85.27,68.78,93.92,17,37,48,Stable,54,20,59,91,91.0,B,9.54,7.61,6.17,Fail,3,6.9,6.9,5.5,Yes,6,No,Medium,High,Low,4,Auditory,1,10,14,3.76,37,115,Traditional,3.8,6,5,3,5,Yes,106,ROLL0106,IT,MCA,2025-26,CS433,65.68,37,54,7.61,Female,23,4.7
107,ROLL0107,REG20260107,UNI001,COL001,ECE,BCA,Cloud,Male,2004-03-12,22,SC,No,UP,Indian,5-10L,Postgraduate,Self-employed,Yes,No,Private,89.86,State Board,80.77,State Board,Commerce,101,1711,Management,0,2025-26,5,CS424,Data Structures,Core,4,1.46,FAC004,55,42,63.26,Regular,14,92,91.96,3,14,96.54,89.86,74.28,25,34,98,Stable,51,37,59,85,85.0,B,7.13,6.93,6.43,Pass,0,6.9,6.8,2.1,No,38,Yes,Low,Medium,Low,9,Auditory,9,4,17,4.33,37,71,Traditional,3.73,5,14,9,3,No,107,ROLL0107,MCA,MCA,2025-26,CS379,63.49,34,51,6.93,Female,22,3.6
108,ROLL0108,REG20260108,UNI001,COL001,IT,BCA,DS,Male,2000-11-19,26,ST,Yes,Haryana,Indian,5-10L,10th,Farmer,Yes,No,Government,64.81,State Board,85.91,ICSE,Science,96,4299,Entrance,0,2025-26,6,CS400,Data Structures,Elective,4,1.9,FAC007,44,49,64.03,Shortage,11,40,82.39,0,20,74.35,83.47,87.61,25,29,43,Downward,40,33,47,69,69.0,D,8.61,9.48,7.18,Fail,0,4.7,6.4,5.9,No,20,No,High,Low,Medium,5,Auditory,3,4,7,3.23,53,120,Hybrid,4.23,1,7,1,5,No,108,ROLL0108,MCA,B.Tech,2025-26,CS380,63.34,29,40,9.48,Female,26,5.2
109,ROLL0109,REG20260109,UNI001,COL001,IT,MCA,Cyber Security,Female,2004-07-07,22,OBC,Yes,Haryana,Indian,10L+,12th,Service,Yes,No,Government,84.59,CBSE,76.29,ICSE,Commerce,136,599,Management,0,2025-26,6,CS408,ML,Core,5,4.32,FAC013,41,30,65.27,Shortage,28,23,73.49,4,11,99.54,90.23,88.1,18,29,41,Stable,43,24,55,72,72.0,A,8.09,8.72,9.01,Pass,1,6.3,7.3,2.9,No,30,No,Medium,High,Low,10,Auditory,8,7,16,3.83,56,108,Online,3.98,6,11,10,2,No,109,ROLL0109,CSE,B.Tech,2025-26,CS370,81.8,29,43,8.72,Male,22,6.4
110,ROLL0110,REG20260110,UNI001,COL001,CSE,MCA,AI,Male,2001-02-04,25,SC,Yes,Punjab,Indian,10L+,Postgraduate,Business,No,No,Government,97.91,State Board,73.13,State Board,Arts,58,4320,Merit,0,2025-26,5,CS270,Python,Core,3,3.16,FAC004,57,47,67.67,Regular,14,28,91.06,1,8,92.59,92.25,92.78,19,38,87,Downward,50,36,49,88,88.0,C,9.77,6.14,8.29,Pass,2,7.1,7.8,3.5,Yes,13,Yes,Medium,High,High,5,Auditory,3,4,10,3.1,37,119,Hybrid,3.55,8,10,1,0,No,110,ROLL0110,MCA,MCA,2025-26,CS473,63.61,38,50,6.14,Female,25,5.1
111,ROLL0111,REG20260111,UNI001,COL001,IT,MCA,Cloud,Male,2001-06-01,25,OBC,No,Haryana,Indian,0-2L,Graduate,Self-employed,Yes,No,Private,93.03,CBSE,93.41,ICSE,Arts,66,2449,Entrance,1,2025-26,5,CS176,DBMS,Elective,2,4.89,FAC011,50,35,93.94,Shortage,21,81,85.38,0,13,84.01,51.89,75.15,20,33,84,Downward,52,33,45,85,85.0,D,6.55,6.38,8.45,Fail,1,4.6,6.0,4.2,Yes,17,Yes,High,High,Low,3,Kinesthetic,6,6,13,4.65,30,71,Traditional,4.19,8,11,6,3,Yes,111,ROLL0111,BCA,MCA,2025-26,CS484,96.38,33,52,6.38,Female,25,4.2
112,ROLL0112,REG20260112,UNI001,COL001,MCA,B.Tech,Software Engg,Male,2004-04-14,22,OBC,No,Punjab,Indian,5-10L,12th,Farmer,Yes,No,Government,61.84,ICSE,89.64,State Board,Commerce,50,795,Merit,2,2025-26,4,CS271,ML,Elective,5,1.34,FAC005,43,56,88.79,Shortage,23,51,90.53,4,13,99.37,63.51,53.0,22,38,97,Downward,56,21,54,94,94.0,D,6.35,6.86,8.78,Pass,0,6.8,6.3,5.6,No,15,Yes,High,Low,High,5,Kinesthetic,10,4,23,4.54,32,43,Hybrid,3.6,2,12,7,1,Yes,112,ROLL0112,MCA,BCA,2025-26,CS328,79.78,38,56,6.86,Male,22,7.5
113,ROLL0113,REG20260113,UNI001,COL001,BCA,MCA,Cloud,Female,2000-10-20,26,SC,Yes,Delhi,Indian,10L+,10th,Farmer,No,Yes,Government,72.24,State Board,97.08,State Board,Commerce,73,3164,Merit,2,2025-26,4,CS353,Data Structures,Core,3,2.66,FAC014,44,47,79.12,Shortage,29,30,81.94,0,6,66.13,82.1,68.74,24,21,88,Stable,53,22,58,74,74.0,C,7.85,6.11,8.6,Fail,0,6.7,7.5,5.9,Yes,39,Yes,Medium,Medium,High,9,Visual,3,2,20,4.58,57,85,Traditional,4.89,1,20,5,2,Yes,113,ROLL0113,BCA,BCA,2025-26,CS192,71.46,21,53,6.11,Male,26,3.5
114,ROLL0114,REG20260114,UNI001,COL001,ECE,B.Tech,DS,Female,2004-08-27,22,SC,No,Bihar,Indian,0-2L,10th,Business,Yes,Yes,None,73.71,ICSE,76.4,ICSE,Arts,65,4086,Management,2,2025-26,5,CS351,ML,Elective,3,2.05,FAC004,48,53,81.63,Shortage,29,82,78.1,5,11,96.62,64.98,70.62,26,38,79,Upward,56,30,43,94,94.0,D,6.23,8.79,6.19,Pass,0,2.5,7.5,5.1,Yes,23,No,High,High,Low,5,Visual,3,9,6,4.27,54,117,Online,3.79,8,20,3,5,No,114,ROLL0114,CSE,MCA,2025-26,CS148,90.34,38,56,8.79,Female,22,7.1
115,ROLL0115,REG20260115,UNI001,COL001,CSE,MCA,Cyber Security,Male,2003-12-07,23,SC,No,Punjab,Indian,5-10L,10th,Business,Yes,No,Private,76.94,State Board,97.62,CBSE,Commerce,148,1614,Entrance,2,2025-26,2,CS397,ML,Elective,3,1.75,FAC003,49,43,80.56,Shortage,13,95,71.41,2,6,73.98,59.35,62.25,19,27,45,Downward,40,32,51,67,67.0,A,8.0,8.44,6.15,Pass,2,7.7,7.2,3.5,Yes,20,No,High,Low,Low,7,Visual,2,8,10,3.39,48,106,Online,4.76,10,7,5,0,Yes,115,ROLL0115,ECE,B.Tech,2025-26,CS201,79.39,27,40,8.44,Female,23,7.3
116,ROLL0116,REG20260116,UNI001,COL001,CSE,BCA,Cyber Security,Female,2004-05-13,22,General,Yes,Bihar,Indian,5-10L,Graduate,Service,Yes,No,Private,94.98,ICSE,71.47,ICSE,Science,51,1784,Management,1,2025-26,1,CS178,OS,Elective,3,4.53,FAC016,50,51,67.68,Regular,9,88,74.79,3,3,73.15,61.13,73.66,16,30,16,Downward,45,26,54,75,75.0,D,8.27,8.88,9.01,Pass,1,7.5,5.0,3.8,Yes,37,No,High,Medium,High,4,Auditory,7,4,15,4.42,28,39,Hybrid,4.94,7,18,1,3,No,116,ROLL0116,CSE,B.Tech,2025-26,CS260,66.82,30,45,8.88,Female,22,2.8
117,ROLL0117,REG20260117,UNI001,COL001,CSE,B.Tech,DS,Male,2003-11-07,23,OBC,No,Haryana,Indian,2-5L,Graduate,Self-employed,No,Yes,None,81.81,ICSE,85.04,CBSE,Science,107,2686,Management,2,2025-26,1,CS420,DBMS,Core,4,2.65,FAC004,58,49,98.17,Regular,11,24,96.56,5,5,71.98,59.8,66.98,30,24,80,Downward,56,23,51,80,80.0,B,6.27,8.1,9.03,Pass,2,5.3,6.2,3.3,No,56,Yes,Medium,High,Low,10,Visual,4,3,20,3.26,57,117,Online,4.98,8,9,6,0,No,117,ROLL0117,ECE,B.Tech,2025-26,CS153,72.09,24,56,8.1,Male,23,6.7
118,ROLL0118,REG20260118,UNI001,COL001,CSE,B.Tech,Cloud,Male,2000-10-26,26,SC,Yes,Punjab,Indian,5-10L,Postgraduate,Farmer,Yes,No,Private,65.59,CBSE,63.48,State Board,Arts,64,2367,Merit,0,2025-26,3,CS167,Data Structures,Elective,4,1.68,FAC014,52,40,90.21,Shortage,16,35,89.98,2,17,76.64,71.53,60.17,16,28,83,Stable,57,39,44,85,85.0,A,7.15,6.31,9.14,Pass,3,3.8,7.1,2.2,No,22,Yes,Medium,Low,Medium,6,Kinesthetic,3,4,24,4.2,31,44,Traditional,4.45,6,14,9,1,Yes,118,ROLL0118,BCA,MCA,2025-26,CS459,90.42,28,57,6.31,Female,26,4.3
119,ROLL0119,REG20260119,UNI001,COL001,ECE,MCA,Cyber Security,Female,2002-05-24,24,General,No,Bihar,Indian,5-10L,12th,Farmer,Yes,No,Private,75.46,CBSE,73.13,CBSE,Science,52,72,Management,1,2025-26,6,CS179,DBMS,Core,4,3.0,FAC016,52,38,87.1,Shortage,5,54,88.73,4,19,90.17,81.49,63.63,23,30,34,Downward,57,39,42,87,87.0,C,9.08,8.46,7.44,Fail,0,4.1,7.8,2.7,Yes,16,No,High,Medium,Low,2,Kinesthetic,6,10,25,3.52,29,52,Online,3.09,1,14,5,5,No,119,ROLL0119,ECE,B.Tech,2025-26,CS422,87.93,30,57,8.46,Female,24,2.3
120,ROLL0120,REG20260120,UNI001,COL001,ECE,MCA,AI,Male,2005-01-01,21,General,No,Delhi,Indian,10L+,12th,Self-employed,No,No,Private,69.89,CBSE,70.5,CBSE,Commerce,193,4,Management,2,2025-26,6,CS345,ML,Core,5,2.39,FAC012,43,44,69.26,Shortage,13,112,79.3,5,0,81.02,94.59,85.35,16,22,25,Upward,54,36,51,76,76.0,D,7.37,9.11,7.93,Pass,0,7.7,5.0,5.7,Yes,55,No,High,High,High,2,Auditory,4,4,5,3.48,21,95,Hybrid,3.23,4,13,1,1,No,120,ROLL0120,BCA,MCA,2025-26,CS206,74.8,22,54,9.11,Female,21,2.3
121,ROLL0121,REG20260121,UNI001,COL001,MCA,MCA,Software Engg,Male,2005-05-24,21,SC,No,Haryana,Indian,2-5L,12th,Farmer,Yes,No,Government,74.42,CBSE,74.52,State Board,Science,163,1069,Entrance,0,2025-26,5,CS197,Data Structures,Elective,4,4.43,FAC005,58,45,84.08,Shortage,7,54,94.33,4,13,60.9,56.67,51.66,20,23,35,Stable,41,21,56,64,64.0,D,8.61,6.3,7.84,Fail,1,2.1,6.5,2.1,No,59,No,Low,High,Low,5,Auditory,4,8,10,4.67,51,65,Traditional,3.83,1,19,6,5,Yes,121,ROLL0121,CSE,MCA,2025-26,CS164,87.95,23,41,6.3,Female,21,5.4
122,ROLL0122,REG20260122,UNI001,COL001,CSE,MCA,Software Engg,Female,2000-11-20,26,ST,No,Punjab,Indian,2-5L,Postgraduate,Business,Yes,No,Private,66.0,CBSE,83.41,State Board,Commerce,163,1880,Entrance,0,2025-26,6,CS267,Data Structures,Elective,5,1.08,FAC011,40,53,84.28,Regular,16,74,71.72,3,0,60.08,80.16,70.43,20,28,33,Downward,53,25,46,81,81.0,B,9.39,8.59,7.48,Pass,2,3.6,5.2,5.9,Yes,28,Yes,Low,Medium,High,9,Auditory,2,6,13,3.96,25,40,Traditional,3.0,7,14,9,1,No,122,ROLL0122,CSE,BCA,2025-26,CS479,62.31,28,53,8.59,Female,26,3.8
123,ROLL0123,REG20260123,UNI001,COL001,ECE,BCA,AI,Male,2001-11-01,25,General,Yes,Punjab,Indian,10L+,12th,Service,Yes,Yes,Private,97.11,CBSE,81.13,ICSE,Commerce,55,851,Management,2,2025-26,2,CS141,ML,Core,5,3.11,FAC020,42,39,91.23,Shortage,14,81,94.73,3,3,72.18,53.72,88.46,27,28,33,Stable,43,21,46,71,71.0,D,6.9,8.56,6.83,Fail,3,4.2,5.9,5.8,No,46,Yes,High,Medium,High,5,Kinesthetic,6,4,5,4.13,42,117,Traditional,3.83,7,13,3,3,Yes,123,ROLL0123,BCA,BCA,2025-26,CS291,97.23,28,43,8.56,Male,25,2.7
124,ROLL0124,REG20260124,UNI001,COL001,MCA,BCA,AI,Female,2004-04-20,22,General,No,Punjab,Indian,10L+,10th,Service,Yes,No,None,79.69,CBSE,73.87,ICSE,Science,144,3148,Entrance,1,2025-26,6,CS111,Python,Core,5,2.06,FAC016,46,42,83.34,Regular,5,80,72.89,0,2,73.08,82.08,70.82,16,37,25,Upward,45,36,42,82,82.0,D,9.17,6.34,6.84,Pass,2,4.4,5.2,5.7,Yes,13,No,Low,High,High,10,Auditory,1,4,20,3.33,21,67,Traditional,3.14,10,9,9,3,Yes,124,ROLL0124,MCA,BCA,2025-26,CS261,69.9,37,45,6.34,Female,22,6.9
125,ROLL0125,REG20260125,UNI001,COL001,BCA,MCA,Software Engg,Female,2000-12-15,26,ST,No,UP,Indian,0-2L,10th,Service,Yes,Yes,Private,86.55,State Board,92.19,ICSE,Arts,185,2698,Merit,1,2025-26,3,CS458,DBMS,Elective,3,1.28,FAC016,51,45,64.98,Shortage,19,66,99.72,5,12,84.84,64.86,93.75,17,40,19,Stable,44,40,60,84,84.0,B,7.62,7.25,6.31,Pass,3,5.0,5.1,4.2,No,56,Yes,High,Medium,High,6,Auditory,3,2,5,4.76,55,50,Online,3.29,1,15,0,0,Yes,125,ROLL0125,ECE,MCA,2025-26,CS345,60.8,40,44,7.25,Male,26,6.0
126,ROLL0126,REG20260126,UNI001,COL001,MCA,MCA,AI,Male,2001-12-24,25,SC,No,Haryana,Indian,2-5L,Postgraduate,Service,Yes,Yes,Government,97.6,ICSE,79.42,CBSE,Arts,162,1098,Entrance,0,2025-26,5,CS232,ML,Core,4,4.47,FAC009,50,42,65.16,Regular,11,77,72.81,2,3,87.48,72.43,73.98,25,37,18,Downward,56,37,44,93,93.0,B,7.27,8.26,7.3,Pass,2,4.2,6.8,3.8,Yes,53,No,Low,Medium,Low,8,Kinesthetic,6,4,25,3.1,27,80,Online,3.9,1,8,1,2,Yes,126,ROLL0126,CSE,B.Tech,2025-26,CS454,99.66,37,56,8.26,Female,25,6.9
127,ROLL0127,REG20260127,UNI001,COL001,IT,MCA,Cloud,Male,2000-06-11,26,OBC,No,Delhi,Indian,10L+,12th,Business,No,Yes,Government,75.09,ICSE,79.68,ICSE,Arts,189,4882,Entrance,0,2025-26,4,CS222,ML,Core,3,4.67,FAC010,46,48,95.42,Regular,24,84,84.52,3,16,80.28,76.21,83.77,24,28,96,Upward,56,21,56,84,84.0,C,7.79,9.77,6.29,Fail,1,6.3,6.6,4.4,No,25,Yes,Low,Medium,Medium,9,Visual,10,5,22,3.3,48,77,Online,4.79,1,20,3,0,Yes,127,ROLL0127,ECE,BCA,2025-26,CS124,61.62,28,56,9.77,Male,26,5.5
128,ROLL0128,REG20260128,UNI001,COL001,CSE,MCA,DS,Male,2000-09-24,26,SC,Yes,Delhi,Indian,5-10L,Postgraduate,Service,Yes,Yes,Private,75.43,CBSE,95.21,CBSE,Science,186,4499,Entrance,0,2025-26,4,CS203,ML,Core,2,1.61,FAC006,59,42,98.15,Shortage,29,84,89.0,0,6,96.62,82.54,68.35,26,28,2,Stable,45,23,41,73,73.0,D,7.94,9.55,7.49,Fail,0,3.5,5.9,3.2,No,6,No,Low,High,Low,2,Kinesthetic,8,2,8,4.21,54,94,Traditional,3.48,5,5,1,0,No,128,ROLL0128,IT,B.Tech,2025-26,CS270,76.01,28,45,9.55,Female,26,2.6
129,ROLL0129,REG20260129,UNI001,COL001,IT,B.Tech,Software Engg,Male,2002-03-14,24,ST,Yes,Delhi,Indian,10L+,12th,Farmer,No,No,Private,77.54,CBSE,95.5,ICSE,Arts,198,158,Management,1,2025-26,2,CS180,DBMS,Core,3,2.41,FAC006,48,32,99.5,Regular,11,37,77.79,4,10,96.89,62.64,72.36,30,31,96,Upward,56,38,43,87,87.0,B,9.35,8.33,6.5,Pass,1,4.0,7.9,2.3,No,50,No,Low,Medium,Low,1,Kinesthetic,2,7,13,4.33,35,43,Hybrid,4.36,5,11,2,3,Yes,129,ROLL0129,BCA,MCA,2025-26,CS195,84.21,31,56,8.33,Male,24,6.9
130,ROLL0130,REG20260130,UNI001,COL001,MCA,MCA,AI,Female,2004-07-30,22,General,Yes,UP,Indian,2-5L,10th,Business,Yes,No,Private,93.72,State Board,62.04,ICSE,Arts,131,1639,Entrance,1,2025-26,3,CS219,ML,Core,2,1.33,FAC018,42,42,66.47,Regular,15,40,83.46,3,12,93.99,58.0,78.67,24,28,100,Downward,43,33,44,71,71.0,D,9.85,7.97,6.12,Pass,2,2.1,6.5,4.5,Yes,33,No,Low,Medium,High,4,Kinesthetic,1,9,12,3.12,55,61,Traditional,3.18,6,11,9,2,Yes,130,ROLL0130,CSE,BCA,2025-26,CS471,74.21,28,43,7.97,Female,22,6.6
131,ROLL0131,REG20260131,UNI001,COL001,BCA,MCA,Cloud,Female,2003-05-24,23,SC,Yes,Punjab,Indian,5-10L,10th,Service,No,Yes,Government,74.9,State Board,77.48,CBSE,Arts,145,4127,Entrance,1,2025-26,1,CS385,Python,Elective,5,4.94,FAC006,55,43,63.55,Shortage,7,94,75.61,5,10,84.6,53.45,75.51,25,29,81,Downward,59,37,44,88,88.0,B,6.9,6.55,8.29,Pass,1,6.1,6.2,2.1,No,12,No,High,Medium,High,6,Visual,4,3,12,3.38,23,59,Online,4.06,1,17,4,3,Yes,131,ROLL0131,BCA,B.Tech,2025-26,CS237,62.03,29,59,6.55,Female,23,5.3
132,ROLL0132,REG20260132,UNI001,COL001,BCA,BCA,Cloud,Male,2003-01-06,23,General,No,UP,Indian,5-10L,12th,Business,Yes,Yes,None,61.32,ICSE,86.3,State Board,Science,163,4921,Management,0,2025-26,1,CS106,Data Structures,Elective,2,3.66,FAC003,40,48,97.24,Regular,25,77,97.64,2,15,95.32,52.94,89.06,16,35,78,Stable,45,29,60,80,80.0,B,6.94,6.95,7.2,Pass,3,3.4,7.5,5.2,No,14,Yes,Medium,High,Low,8,Kinesthetic,4,10,21,3.78,57,70,Traditional,3.22,6,19,9,0,Yes,132,ROLL0132,CSE,MCA,2025-26,CS284,96.2,35,45,6.95,Female,23,2.3
133,ROLL0133,REG20260133,UNI001,COL001,MCA,B.Tech,Cyber Security,Female,2003-09-12,23,SC,Yes,Punjab,Indian,5-10L,Graduate,Self-employed,No,No,None,92.19,CBSE,63.69,State Board,Science,118,2567,Entrance,1,2025-26,2,CS193,Data Structures,Core,4,2.5,FAC020,52,57,70.54,Shortage,10,76,86.53,3,12,66.27,83.15,92.82,28,20,74,Upward,48,39,41,68,68.0,C,7.33,7.03,8.06,Fail,0,2.6,6.3,2.5,No,32,Yes,Low,High,Low,4,Auditory,8,2,9,3.41,31,77,Online,4.51,5,19,9,1,No,133,ROLL0133,BCA,BCA,2025-26,CS272,71.06,20,48,7.03,Male,23,7.1
134,ROLL0134,REG20260134,UNI001,COL001,CSE,BCA,DS,Female,2001-11-17,25,SC,No,Delhi,Indian,5-10L,12th,Service,No,No,None,80.91,ICSE,90.03,ICSE,Commerce,72,1008,Entrance,1,2025-26,2,CS256,ML,Core,2,3.61,FAC002,40,49,62.77,Shortage,10,39,84.89,0,15,70.51,52.79,64.16,23,24,32,Downward,42,30,44,66,66.0,B,7.76,6.92,8.24,Pass,0,8.0,6.5,2.6,Yes,40,No,Low,High,High,3,Visual,8,8,12,4.76,29,52,Traditional,3.97,9,20,3,0,Yes,134,ROLL0134,MCA,B.Tech,2025-26,CS432,60.6,24,42,6.92,Female,25,7.1
135,ROLL0135,REG20260135,UNI001,COL001,MCA,B.Tech,AI,Male,2001-08-24,25,General,Yes,Delhi,Indian,2-5L,10th,Business,No,Yes,Government,69.62,State Board,92.16,ICSE,Commerce,81,2719,Merit,2,2025-26,4,CS137,Python,Core,3,4.07,FAC002,47,47,97.98,Regular,16,48,71.73,2,19,77.71,94.69,63.26,23,40,95,Upward,55,29,54,95,95.0,B,7.62,6.04,8.25,Pass,1,2.7,5.7,2.6,Yes,47,Yes,High,Medium,Low,5,Visual,2,4,10,4.14,20,88,Online,3.26,7,5,9,4,No,135,ROLL0135,CSE,MCA,2025-26,CS248,67.6,40,55,6.04,Female,25,3.5
136,ROLL0136,REG20260136,UNI001,COL001,IT,B.Tech,Cloud,Male,2004-04-30,22,ST,Yes,Haryana,Indian,2-5L,Graduate,Self-employed,No,No,Private,89.01,ICSE,76.23,State Board,Arts,174,1650,Merit,2,2025-26,1,CS246,OS,Core,4,2.1,FAC011,48,51,63.3,Shortage,6,99,77.18,4,12,65.47,68.21,73.8,19,39,6,Stable,53,24,46,92,92.0,A,8.3,6.42,6.77,Pass,1,7.7,5.9,6.0,Yes,40,Yes,Low,High,High,6,Visual,7,6,18,4.72,36,63,Traditional,4.52,8,14,3,1,Yes,136,ROLL0136,CSE,MCA,2025-26,CS363,68.76,39,53,6.42,Male,22,8.0
137,ROLL0137,REG20260137,UNI001,COL001,MCA,BCA,Software Engg,Male,2001-10-08,25,SC,Yes,Punjab,Indian,10L+,10th,Service,No,Yes,Private,74.06,ICSE,69.42,CBSE,Arts,108,3496,Entrance,0,2025-26,4,CS358,Data Structures,Core,2,2.04,FAC014,60,30,89.95,Regular,25,73,89.83,5,19,98.91,59.74,77.56,27,21,58,Upward,46,28,59,67,67.0,C,8.23,9.61,8.52,Pass,3,5.6,6.0,3.0,No,33,Yes,Low,High,Medium,10,Visual,2,7,7,4.45,50,82,Online,3.39,5,6,1,5,Yes,137,ROLL0137,BCA,B.Tech,2025-26,CS135,75.19,21,46,9.61,Male,25,7.0
138,ROLL0138,REG20260138,UNI001,COL001,BCA,MCA,Software Engg,Male,2002-09-16,24,SC,No,Haryana,Indian,2-5L,Graduate,Self-employed,Yes,No,Government,82.21,ICSE,62.14,CBSE,Commerce,153,3728,Merit,1,2025-26,1,CS213,OS,Elective,5,1.86,FAC012,54,49,79.42,Regular,23,49,81.3,2,17,62.05,88.16,89.83,27,28,20,Upward,53,28,51,81,81.0,D,6.52,8.92,7.67,Fail,3,3.1,6.1,2.1,Yes,34,Yes,Low,High,High,1,Kinesthetic,10,4,14,4.66,20,101,Online,4.1,1,8,0,2,No,138,ROLL0138,CSE,MCA,2025-26,CS149,75.95,28,53,8.92,Female,24,3.8
139,ROLL0139,REG20260139,UNI001,COL001,MCA,BCA,DS,Male,2000-12-15,26,SC,No,Delhi,Indian,5-10L,Graduate,Business,No,Yes,Government,81.36,ICSE,65.45,CBSE,Commerce,103,2294,Entrance,1,2025-26,5,CS194,OS,Elective,4,3.91,FAC012,50,53,83.88,Shortage,21,92,77.69,4,16,82.22,77.62,57.03,18,36,8,Downward,51,30,47,87,87.0,B,6.78,7.85,7.36,Pass,3,7.2,7.6,3.3,No,44,No,Medium,High,High,4,Auditory,3,7,23,4.64,23,38,Online,4.38,7,17,2,2,Yes,139,ROLL0139,IT,BCA,2025-26,CS441,87.61,36,51,7.85,Male,26,4.1
140,ROLL0140,REG20260140,UNI001,COL001,CSE,B.Tech,Cyber Security,Female,2003-06-03,23,OBC,Yes,UP,Indian,0-2L,Graduate,Farmer,No,Yes,None,92.39,State Board,92.65,ICSE,Arts,50,708,Management,1,2025-26,6,CS397,OS,Elective,5,1.65,FAC014,42,37,70.04,Shortage,25,60,74.64,2,7,67.52,82.82,76.7,28,20,55,Downward,40,25,45,60,60.0,D,6.51,6.53,6.53,Fail,3,2.2,6.4,5.1,Yes,46,Yes,Medium,Low,High,10,Kinesthetic,9,1,25,3.77,28,114,Traditional,3.25,8,10,2,1,No,140,ROLL0140,BCA,BCA,2025-26,CS250,61.61,20,40,6.53,Male,23,2.4
141,ROLL0141,REG20260141,UNI001,COL001,BCA,BCA,Cyber Security,Male,2001-12-26,25,ST,No,Haryana,Indian,5-10L,Graduate,Farmer,No,No,Private,86.72,State Board,63.69,ICSE,Science,55,1798,Merit,1,2025-26,5,CS229,OS,Core,3,2.2,FAC019,58,48,96.71,Regular,13,53,81.79,0,20,98.21,51.67,63.15,25,24,77,Stable,50,36,49,74,74.0,C,7.71,6.03,7.27,Fail,3,2.7,7.3,2.2,No,28,Yes,High,Medium,Medium,5,Kinesthetic,1,9,11,4.34,44,87,Traditional,3.47,6,12,7,4,No,141,ROLL0141,BCA,BCA,2025-26,CS353,97.06,24,50,6.03,Female,25,7.2
142,ROLL0142,REG20260142,UNI001,COL001,BCA,B.Tech,Cloud,Female,2001-10-01,25,General,No,Haryana,Indian,10L+,Graduate,Service,No,Yes,Government,62.62,State Board,79.54,ICSE,Arts,132,1492,Management,2,2025-26,5,CS423,Data Structures,Core,3,2.27,FAC008,46,59,86.33,Shortage,5,72,82.5,5,18,64.76,68.88,54.28,15,25,63,Stable,53,40,49,78,78.0,C,8.63,6.63,6.03,Pass,1,2.3,5.2,2.1,No,5,No,Medium,Low,Low,4,Auditory,10,10,11,3.4,27,71,Online,4.43,6,17,5,3,No,142,ROLL0142,BCA,BCA,2025-26,CS169,79.84,25,53,6.63,Male,25,7.2
143,ROLL0143,REG20260143,UNI001,COL001,BCA,B.Tech,Software Engg,Male,2002-09-13,24,ST,No,UP,Indian,2-5L,12th,Service,Yes,No,None,76.82,ICSE,63.52,CBSE,Arts,108,3969,Merit,1,2025-26,3,CS283,Python,Core,4,4.63,FAC020,46,35,94.72,Shortage,27,108,70.55,2,18,67.45,84.47,72.67,21,25,49,Stable,49,35,50,74,74.0,B,8.14,8.48,7.69,Pass,1,4.6,7.0,5.6,No,7,No,Low,High,Low,4,Kinesthetic,10,2,9,3.9,35,63,Traditional,3.36,9,12,1,4,No,143,ROLL0143,ECE,MCA,2025-26,CS128,73.6,25,49,8.48,Female,24,7.8
144,ROLL0144,REG20260144,UNI001,COL001,ECE,BCA,Cyber Security,Female,2002-07-11,24,OBC,Yes,Haryana,Indian,0-2L,10th,Business,Yes,No,Government,89.98,State Board,96.35,State Board,Arts,70,4023,Entrance,2,2025-26,4,CS453,DBMS,Core,4,3.08,FAC019,55,50,74.77,Regular,24,81,73.92,3,4,98.43,53.79,80.66,26,30,81,Upward,56,34,58,86,86.0,A,8.81,8.26,7.04,Fail,2,6.6,5.2,5.3,Yes,50,No,Low,Low,High,2,Visual,7,5,21,4.44,56,105,Traditional,3.31,4,5,10,0,No,144,ROLL0144,ECE,BCA,2025-26,CS248,72.5,30,56,8.26,Female,24,3.9
145,ROLL0145,REG20260145,UNI001,COL001,ECE,MCA,Software Engg,Male,2002-11-14,24,SC,Yes,Delhi,Indian,0-2L,12th,Farmer,Yes,No,Private,80.1,ICSE,80.24,CBSE,Arts,173,119,Merit,2,2025-26,6,CS220,ML,Core,4,4.42,FAC018,51,44,77.52,Shortage,23,67,92.07,3,7,82.91,70.95,62.78,28,26,38,Downward,49,37,44,75,75.0,C,6.6,6.0,8.01,Pass,1,6.3,5.9,3.4,No,9,Yes,High,Low,High,10,Auditory,8,2,13,3.65,59,119,Traditional,3.9,9,10,6,4,Yes,145,ROLL0145,IT,BCA,2025-26,CS270,77.44,26,49,6.0,Male,24,3.5
146,ROLL0146,REG20260146,UNI001,COL001,CSE,BCA,Cyber Security,Male,2005-01-11,21,OBC,No,Bihar,Indian,0-2L,10th,Farmer,No,No,None,86.22,CBSE,74.75,State Board,Commerce,120,4143,Management,2,2025-26,1,CS362,Data Structures,Elective,5,1.61,FAC003,46,43,78.09,Regular,17,78,85.65,2,20,96.91,82.88,68.31,26,23,56,Downward,59,32,55,82,82.0,D,6.42,7.25,7.21,Fail,2,7.2,5.3,4.5,No,39,Yes,Medium,Medium,High,6,Kinesthetic,1,10,12,4.96,28,85,Online,4.73,2,9,7,3,No,146,ROLL0146,BCA,MCA,2025-26,CS206,74.08,23,59,7.25,Male,21,6.0
147,ROLL0147,REG20260147,UNI001,COL001,MCA,MCA,Cloud,Male,2004-06-07,22,OBC,No,UP,Indian,10L+,12th,Self-employed,Yes,Yes,None,93.69,ICSE,74.83,ICSE,Arts,200,2394,Entrance,2,2025-26,2,CS139,ML,Elective,4,4.18,FAC008,57,60,84.94,Regular,13,74,89.13,5,9,87.73,92.7,81.94,23,34,88,Upward,42,35,44,76,76.0,C,6.13,7.39,8.32,Pass,1,7.9,6.7,2.1,Yes,15,Yes,Low,Medium,High,1,Auditory,8,2,17,4.59,48,106,Traditional,3.74,7,10,3,5,Yes,147,ROLL0147,CSE,BCA,2025-26,CS115,86.51,34,42,7.39,Male,22,7.5
148,ROLL0148,REG20260148,UNI001,COL001,IT,BCA,DS,Male,2000-11-04,26,General,No,Bihar,Indian,10L+,Postgraduate,Self-employed,Yes,No,Government,92.11,ICSE,60.67,State Board,Commerce,188,3303,Management,0,2025-26,4,CS409,OS,Core,3,2.96,FAC004,60,43,94.65,Shortage,23,97,73.74,5,19,76.33,59.86,53.33,26,31,89,Downward,53,25,47,84,84.0,B,6.36,7.98,6.23,Pass,2,4.5,7.1,4.9,No,55,Yes,Low,High,Medium,2,Visual,1,1,6,3.6,29,77,Online,3.01,5,16,7,5,Yes,148,ROLL0148,BCA,MCA,2025-26,CS482,83.29,31,53,7.98,Female,26,4.3
149,ROLL0149,REG20260149,UNI001,COL001,IT,BCA,Cloud,Male,2000-08-30,26,ST,No,UP,Indian,2-5L,Graduate,Service,Yes,No,Private,95.1,ICSE,85.51,ICSE,Commerce,154,4787,Entrance,0,2025-26,1,CS359,OS,Elective,5,4.46,FAC014,46,58,75.29,Shortage,20,41,87.55,0,1,93.09,79.31,51.93,25,34,20,Downward,60,39,42,94,94.0,A,9.81,9.37,8.8,Fail,3,2.1,7.4,2.8,No,10,Yes,Low,Low,Medium,5,Auditory,3,2,21,4.42,56,97,Hybrid,4.24,9,15,9,5,Yes,149,ROLL0149,ECE,B.Tech,2025-26,CS169,91.34,34,60,9.37,Male,26,5.8
150,ROLL0150,REG20260150,UNI001,COL001,IT,MCA,AI,Male,2004-03-10,22,ST,No,Punjab,Indian,0-2L,Graduate,Self-employed,No,Yes,Government,75.37,CBSE,76.35,CBSE,Arts,128,744,Merit,2,2025-26,3,CS207,ML,Core,2,1.39,FAC017,45,35,95.92,Regular,30,37,82.43,3,6,92.86,67.32,62.23,27,36,80,Downward,45,27,46,81,81.0,B,9.0,8.11,6.82,Fail,1,6.5,6.3,2.9,No,48,Yes,Low,High,Medium,2,Auditory,7,1,9,3.33,27,57,Hybrid,4.25,7,20,4,0,Yes,150,ROLL0150,MCA,B.Tech,2025-26,CS164,60.58,36,45,8.11,Male,22,5.0
151,ROLL0151,REG20260151,UNI001,COL001,ECE,MCA,Cloud,Male,2003-02-24,23,OBC,No,UP,Indian,5-10L,12th,Farmer,Yes,No,Private,71.13,State Board,77.06,ICSE,Arts,59,4356,Management,2,2025-26,1,CS127,Python,Core,2,3.47,FAC020,52,58,84.09,Shortage,5,97,77.94,2,17,74.5,79.07,84.1,18,33,95,Downward,41,21,46,74,74.0,C,6.75,6.26,8.43,Fail,0,2.3,6.3,5.5,No,32,No,High,High,High,3,Auditory,2,1,22,3.06,60,119,Online,4.04,5,13,6,4,No,151,ROLL0151,MCA,MCA,2025-26,CS465,85.1,33,41,6.26,Male,23,6.8
152,ROLL0152,REG20260152,UNI001,COL001,BCA,BCA,AI,Female,2000-10-04,26,SC,Yes,Punjab,Indian,0-2L,Postgraduate,Business,Yes,Yes,Government,83.86,State Board,89.57,CBSE,Commerce,173,4490,Entrance,2,2025-26,3,CS187,OS,Core,3,2.9,FAC014,53,56,73.86,Shortage,13,48,82.06,1,12,76.58,62.75,76.54,18,21,62,Upward,51,38,52,72,72.0,C,7.72,8.81,7.96,Fail,2,7.4,6.8,3.5,Yes,36,Yes,Low,Low,High,7,Auditory,6,9,20,3.18,38,37,Online,3.83,6,16,0,0,No,152,ROLL0152,CSE,B.Tech,2025-26,CS465,71.15,21,51,8.81,Male,26,6.0
153,ROLL0153,REG20260153,UNI001,COL001,CSE,BCA,Cyber Security,Female,2002-06-02,24,ST,No,UP,Indian,10L+,12th,Business,Yes,No,Private,62.11,ICSE,90.23,ICSE,Commerce,120,885,Entrance,2,2025-26,5,CS323,Data Structures,Core,4,2.39,FAC016,48,60,63.78,Shortage,8,72,70.37,2,4,67.96,92.59,59.19,25,37,88,Upward,42,20,52,79,79.0,C,9.72,7.19,8.28,Pass,3,7.5,7.0,2.1,No,31,No,High,Medium,Low,1,Auditory,10,3,11,3.77,38,104,Online,3.83,4,17,4,2,Yes,153,ROLL0153,BCA,BCA,2025-26,CS395,84.63,37,42,7.19,Female,24,2.6
154,ROLL0154,REG20260154,UNI001,COL001,MCA,BCA,Software Engg,Female,2002-12-23,24,ST,No,Delhi,Indian,2-5L,10th,Service,Yes,No,None,78.44,State Board,91.96,ICSE,Science,137,3770,Merit,0,2025-26,2,CS310,OS,Core,3,4.58,FAC002,48,56,66.58,Shortage,5,115,76.87,3,11,91.74,85.61,55.25,29,21,59,Stable,40,27,43,61,61.0,A,6.36,6.38,7.65,Pass,1,4.0,6.3,3.0,No,43,Yes,High,Low,High,9,Visual,9,1,25,4.48,51,101,Online,4.15,10,8,1,4,No,154,ROLL0154,BCA,MCA,2025-26,CS272,84.71,21,40,6.38,Female,24,7.9
155,ROLL0155,REG20260155,UNI001,COL001,BCA,BCA,AI,Male,2003-01-18,23,General,No,Bihar,Indian,2-5L,10th,Self-employed,Yes,No,Private,78.36,ICSE,92.1,CBSE,Arts,183,1796,Merit,0,2025-26,2,CS181,OS,Elective,3,4.8,FAC009,57,49,69.8,Regular,10,93,88.5,0,2,61.11,94.99,87.38,23,38,76,Stable,51,20,58,89,89.0,C,6.22,8.27,7.29,Pass,3,5.0,7.9,4.9,No,14,No,Medium,High,High,10,Visual,5,10,21,3.98,58,70,Traditional,3.32,2,18,8,0,No,155,ROLL0155,BCA,B.Tech,2025-26,CS148,68.45,38,51,8.27,Male,23,4.4
156,ROLL0156,REG20260156,UNI001,COL001,CSE,B.Tech,Cyber Security,Female,2003-04-29,23,OBC,Yes,UP,Indian,5-10L,10th,Business,No,Yes,None,89.52,State Board,87.16,State Board,Science,133,1002,Entrance,1,2025-26,2,CS301,Data Structures,Elective,3,3.49,FAC016,48,40,77.34,Shortage,27,28,95.23,5,10,97.35,94.67,67.72,28,37,1,Downward,49,24,54,86,86.0,A,6.41,7.71,6.74,Fail,2,4.0,7.9,4.0,Yes,24,Yes,Low,High,High,8,Kinesthetic,6,9,10,3.31,33,96,Hybrid,4.67,10,17,7,2,Yes,156,ROLL0156,ECE,BCA,2025-26,CS348,81.84,37,49,7.71,Female,23,7.3
157,ROLL0157,REG20260157,UNI001,COL001,ECE,MCA,AI,Female,2005-03-23,21,General,Yes,Punjab,Indian,0-2L,Postgraduate,Business,Yes,No,None,84.45,CBSE,60.63,State Board,Commerce,108,4031,Management,1,2025-26,5,CS440,Data Structures,Core,3,2.4,FAC005,49,57,70.54,Regular,28,30,88.71,2,11,67.3,59.46,70.39,15,26,93,Upward,54,24,55,80,80.0,D,8.0,8.75,6.93,Pass,1,7.6,6.8,5.8,Yes,33,No,Medium,Low,Medium,2,Kinesthetic,1,4,14,3.44,60,115,Hybrid,3.1,8,20,1,1,No,157,ROLL0157,MCA,MCA,2025-26,CS371,67.18,26,54,8.75,Male,21,7.1
158,ROLL0158,REG20260158,UNI001,COL001,ECE,B.Tech,Cloud,Male,2000-06-30,26,SC,No,UP,Indian,2-5L,Postgraduate,Self-employed,No,Yes,None,68.01,CBSE,93.6,State Board,Arts,168,4322,Entrance,1,2025-26,2,CS455,Python,Core,5,4.63,FAC014,49,51,92.29,Shortage,5,119,78.67,1,5,80.98,71.93,58.56,21,39,86,Stable,40,32,48,79,79.0,A,7.33,8.5,9.28,Fail,2,5.0,5.4,6.0,No,7,Yes,High,Medium,High,6,Auditory,9,2,5,3.14,41,119,Traditional,4.32,8,18,8,4,No,158,ROLL0158,CSE,B.Tech,2025-26,CS236,96.7,39,40,8.5,Male,26,2.8
159,ROLL0159,REG20260159,UNI001,COL001,MCA,B.Tech,Cloud,Female,2001-11-14,25,SC,Yes,Delhi,Indian,0-2L,10th,Business,No,Yes,Private,92.19,State Board,92.9,ICSE,Science,79,2558,Management,1,2025-26,5,CS457,DBMS,Elective,4,1.48,FAC011,46,55,73.8,Regular,5,87,84.47,0,8,84.43,63.73,89.53,21,27,25,Downward,54,27,54,81,81.0,B,9.8,9.75,7.87,Pass,2,6.5,7.8,4.6,No,17,No,High,Low,Medium,1,Kinesthetic,3,9,13,3.71,24,100,Hybrid,4.42,1,20,9,4,No,159,ROLL0159,ECE,BCA,2025-26,CS120,94.38,27,54,9.75,Male,25,6.1
160,ROLL0160,REG20260160,UNI001,COL001,CSE,BCA,DS,Male,2001-10-17,25,SC,Yes,Haryana,Indian,10L+,10th,Service,No,Yes,Private,83.52,CBSE,84.66,ICSE,Science,113,3683,Management,1,2025-26,2,CS114,Data Structures,Elective,2,2.89,FAC002,58,59,76.81,Shortage,25,97,74.99,3,4,96.69,59.47,67.79,24,21,75,Stable,47,37,44,68,68.0,D,9.72,6.53,9.18,Fail,2,5.1,5.2,4.5,Yes,26,Yes,High,High,Low,10,Kinesthetic,9,8,6,3.23,25,86,Hybrid,4.17,7,12,8,3,No,160,ROLL0160,BCA,B.Tech,2025-26,CS325,65.9,21,47,6.53,Male,25,7.3
